ИХЖЪ,Кұјд,әПФјҙъВл,ЧоРВјЫ,ІЦО»,¶а/ҝХ,іЦІЦіЙұҫјЫ,КРЦө,АЫјЖУҜҝч
2024-01-02,15:30:00,513100.SS,1.210,14500,¶а,1.211,17545.000,-17.400
2024-01-02,15:30:00,518880.SS,4.666,6900,¶а,4.656,32195.400,66.240
2024-01-03,15:30:00,513100.SS,1.191,14500,¶а,1.211,17269.500,-292.900
2024-01-03,15:30:00,518880.SS,4.663,6900,¶а,4.656,32174.700,45.540
2024-01-04,15:30:00,513100.SS,1.185,14500,¶а,1.211,17182.500,-379.900
2024-01-04,15:30:00,518880.SS,4.651,6900,¶а,4.656,32091.900,-37.260
2024-01-05,15:30:00,513100.SS,1.176,14500,¶а,1.211,17052.000,-510.400
2024-01-05,15:30:00,518880.SS,4.664,6900,¶а,4.656,32181.600,52.440
2024-01-08,15:30:00,513100.SS,1.179,14500,¶а,1.211,17095.500,-466.900
2024-01-08,15:30:00,518880.SS,4.650,6900,¶а,4.656,32085.000,-44.160
2024-01-09,15:30:00,513100.SS,1.209,14500,¶а,1.211,17530.500,-31.900
2024-01-09,15:30:00,518880.SS,4.649,6900,¶а,4.656,32078.100,-51.060
2024-01-10,15:30:00,513100.SS,1.209,14500,¶а,1.211,17530.500,-31.900
2024-01-10,15:30:00,518880.SS,4.631,6900,¶а,4.656,31953.900,-175.260
2024-01-11,15:30:00,513100.SS,1.223,14500,¶а,1.211,17733.500,171.100
2024-01-11,15:30:00,518880.SS,4.631,6900,¶а,4.656,31953.900,-175.260
2024-01-12,15:30:00,513100.SS,1.219,14500,¶а,1.211,17675.500,113.100
2024-01-12,15:30:00,518880.SS,4.646,6900,¶а,4.656,32057.400,-71.760
2024-01-15,15:30:00,513100.SS,1.227,14500,¶а,1.211,17791.500,229.100
2024-01-15,15:30:00,518880.SS,4.673,6900,¶а,4.656,32243.700,114.540
2024-01-16,15:30:00,513100.SS,1.215,14500,¶а,1.211,17617.500,55.100
2024-01-16,15:30:00,518880.SS,4.677,6900,¶а,4.656,32271.300,142.140
2024-01-17,15:30:00,513100.SS,1.214,14500,¶а,1.211,17603.000,40.600
2024-01-17,15:30:00,518880.SS,4.631,6900,¶а,4.656,31953.900,-175.260
2024-01-18,15:30:00,513100.SS,1.217,14500,¶а,1.211,17646.500,84.100
2024-01-18,15:30:00,518880.SS,4.616,6900,¶а,4.656,31850.400,-278.760
2024-01-19,15:30:00,513100.SS,1.242,14500,¶а,1.211,18009.000,446.600
2024-01-19,15:30:00,518880.SS,4.643,6900,¶а,4.656,32036.700,-92.460
2024-01-22,15:30:00,513100.SS,1.280,14500,¶а,1.211,18560.000,997.600
2024-01-22,15:30:00,518880.SS,4.625,6900,¶а,4.656,31912.500,-216.660
2024-01-23,15:30:00,513100.SS,1.271,14500,¶а,1.211,18429.500,867.100
2024-01-23,15:30:00,518880.SS,4.632,6900,¶а,4.656,31960.800,-168.360
2024-01-24,15:30:00,513100.SS,1.278,14500,¶а,1.211,18531.000,968.600
2024-01-24,15:30:00,518880.SS,4.626,6900,¶а,4.656,31919.400,-209.760
2024-01-25,15:30:00,513100.SS,1.271,14500,¶а,1.211,18429.500,867.100
2024-01-25,15:30:00,518880.SS,4.605,6900,¶а,4.656,31774.500,-354.660
2024-01-26,15:30:00,513100.SS,1.261,14500,¶а,1.211,18284.500,722.100
2024-01-26,15:30:00,518880.SS,4.625,6900,¶а,4.656,31912.500,-216.660
2024-01-29,15:30:00,513100.SS,1.272,14500,¶а,1.211,18444.000,881.600
2024-01-29,15:30:00,518880.SS,4.634,6900,¶а,4.656,31974.600,-154.560
2024-01-30,15:30:00,513100.SS,1.292,14500,¶а,1.211,18734.000,1171.600
2024-01-30,15:30:00,518880.SS,4.647,6900,¶а,4.656,32064.300,-64.860
2024-01-31,15:30:00,513100.SS,1.264,14500,¶а,1.211,18328.000,765.600
2024-01-31,15:30:00,518880.SS,4.653,6900,¶а,4.656,32105.700,-23.460
2024-02-01,15:30:00,513100.SS,1.252,13500,¶а,1.209,16902.000,587.250
2024-02-01,15:30:00,518880.SS,4.668,6900,¶а,4.656,32209.200,80.040
2024-02-01,15:30:00,515790.SS,0.771,2000,¶а,0.762,1542.000,17.400
2024-02-02,15:30:00,513100.SS,1.283,13500,¶а,1.209,17320.500,1005.750
2024-02-02,15:30:00,518880.SS,4.679,6900,¶а,4.656,32285.100,155.940
2024-02-02,15:30:00,515790.SS,0.739,2000,¶а,0.762,1478.000,-46.600
2024-02-05,15:30:00,513100.SS,1.289,13500,¶а,1.209,17401.500,1086.750
2024-02-05,15:30:00,518880.SS,4.643,6900,¶а,4.656,32036.700,-92.460
2024-02-05,15:30:00,515790.SS,0.718,2000,¶а,0.762,1436.000,-88.600
2024-02-06,15:30:00,513100.SS,1.291,13500,¶а,1.209,17428.500,1113.750
2024-02-06,15:30:00,518880.SS,4.633,6900,¶а,4.656,31967.700,-161.460
2024-02-06,15:30:00,515790.SS,0.765,2000,¶а,0.762,1530.000,5.400
2024-02-07,15:30:00,513100.SS,1.279,13500,¶а,1.209,17266.500,951.750
2024-02-07,15:30:00,518880.SS,4.642,6900,¶а,4.656,32029.800,-99.360
2024-02-07,15:30:00,515790.SS,0.783,2000,¶а,0.762,1566.000,41.400
2024-02-08,15:30:00,513100.SS,1.308,13500,¶а,1.209,17658.000,1343.250
2024-02-08,15:30:00,518880.SS,4.662,6900,¶а,4.656,32167.800,38.640
2024-02-08,15:30:00,515790.SS,0.801,2000,¶а,0.762,1602.000,77.400
2024-02-19,15:30:00,513100.SS,1.301,13500,¶а,1.209,17563.500,1248.750
2024-02-19,15:30:00,518880.SS,4.644,6900,¶а,4.656,32043.600,-85.560
2024-02-19,15:30:00,515790.SS,0.800,2000,¶а,0.762,1600.000,75.400
2024-02-20,15:30:00,513100.SS,1.299,13500,¶а,1.209,17536.500,1221.750
2024-02-20,15:30:00,518880.SS,4.642,6900,¶а,4.656,32029.800,-99.360
2024-02-20,15:30:00,515790.SS,0.794,2000,¶а,0.762,1588.000,63.400
2024-02-21,15:30:00,513100.SS,1.282,13500,¶а,1.209,17307.000,992.250
2024-02-21,15:30:00,518880.SS,4.642,6900,¶а,4.656,32029.800,-99.360
2024-02-21,15:30:00,515790.SS,0.805,2000,¶а,0.762,1610.000,85.400
2024-02-22,15:30:00,513100.SS,1.304,13500,¶а,1.209,17604.000,1289.250
2024-02-22,15:30:00,518880.SS,4.639,6900,¶а,4.656,32009.100,-120.060
2024-02-22,15:30:00,515790.SS,0.813,2000,¶а,0.762,1626.000,101.400
2024-02-23,15:30:00,513100.SS,1.321,13500,¶а,1.209,17833.500,1518.750
2024-02-23,15:30:00,518880.SS,4.630,6900,¶а,4.656,31947.000,-182.160
2024-02-23,15:30:00,515790.SS,0.824,2000,¶а,0.762,1648.000,123.400
2024-02-26,15:30:00,513100.SS,1.308,13500,¶а,1.209,17658.000,1343.250
2024-02-26,15:30:00,518880.SS,4.651,6900,¶а,4.656,32091.900,-37.260
2024-02-26,15:30:00,515790.SS,0.818,2000,¶а,0.762,1636.000,111.400
2024-02-27,15:30:00,513100.SS,1.306,13500,¶а,1.209,17631.000,1316.250
2024-02-27,15:30:00,518880.SS,4.646,6900,¶а,4.656,32057.400,-71.760
2024-02-27,15:30:00,515790.SS,0.832,2000,¶а,0.762,1664.000,139.400
2024-02-28,15:30:00,513100.SS,1.309,13500,¶а,1.209,17671.500,1356.750
2024-02-28,15:30:00,518880.SS,4.645,6900,¶а,4.656,32050.500,-78.660
2024-02-28,15:30:00,515790.SS,0.817,2000,¶а,0.762,1634.000,109.400
2024-02-29,15:30:00,513100.SS,1.300,13500,¶а,1.209,17550.000,1235.250
2024-02-29,15:30:00,518880.SS,4.647,6900,¶а,4.656,32064.300,-64.860
2024-02-29,15:30:00,515790.SS,0.844,2000,¶а,0.762,1688.000,163.400
2024-03-01,15:30:00,513100.SS,1.321,13500,¶а,1.209,17833.500,1518.750
2024-03-01,15:30:00,518880.SS,4.667,0,¶а,0.000,0.000,0.000
2024-03-01,15:30:00,515790.SS,0.858,0,¶а,0.000,0.000,0.000
2024-03-01,15:30:00,515880.SS,1.152,30400,¶а,1.112,35020.800,1216.000
2024-03-04,15:30:00,513100.SS,1.339,13500,¶а,1.209,18076.500,1761.750
2024-03-04,15:30:00,515880.SS,1.179,30400,¶а,1.112,35841.600,2036.800
2024-03-05,15:30:00,513100.SS,1.329,13500,¶а,1.209,17941.500,1626.750
2024-03-05,15:30:00,515880.SS,1.170,30400,¶а,1.112,35568.000,1763.200
2024-03-06,15:30:00,513100.SS,1.324,13500,¶а,1.209,17874.000,1559.250
2024-03-06,15:30:00,515880.SS,1.171,30400,¶а,1.112,35598.400,1793.600
2024-03-07,15:30:00,513100.SS,1.315,13500,¶а,1.209,17752.500,1437.750
2024-03-07,15:30:00,515880.SS,1.146,30400,¶а,1.112,34838.400,1033.600
2024-03-08,15:30:00,513100.SS,1.337,13500,¶а,1.209,18049.500,1734.750
2024-03-08,15:30:00,515880.SS,1.211,30400,¶а,1.112,36814.400,3009.600
2024-03-11,15:30:00,513100.SS,1.317,13500,¶а,1.209,17779.500,1464.750
2024-03-11,15:30:00,515880.SS,1.208,30400,¶а,1.112,36723.200,2918.400
2024-03-12,15:30:00,513100.SS,1.322,13500,¶а,1.209,17847.000,1532.250
2024-03-12,15:30:00,515880.SS,1.191,30400,¶а,1.112,36206.400,2401.600
2024-03-13,15:30:00,513100.SS,1.330,13500,¶а,1.209,17955.000,1640.250
2024-03-13,15:30:00,515880.SS,1.190,30400,¶а,1.112,36176.000,2371.200
2024-03-14,15:30:00,513100.SS,1.324,13500,¶а,1.209,17874.000,1559.250
2024-03-14,15:30:00,515880.SS,1.183,30400,¶а,1.112,35963.200,2158.400
2024-03-15,15:30:00,513100.SS,1.316,13500,¶а,1.209,17766.000,1451.250
2024-03-15,15:30:00,515880.SS,1.211,30400,¶а,1.112,36814.400,3009.600
2024-03-18,15:30:00,513100.SS,1.316,13500,¶а,1.209,17766.000,1451.250
2024-03-18,15:30:00,515880.SS,1.239,30400,¶а,1.112,37665.600,3860.800
2024-03-19,15:30:00,513100.SS,1.309,13500,¶а,1.209,17671.500,1356.750
2024-03-19,15:30:00,515880.SS,1.233,30400,¶а,1.112,37483.200,3678.400
2024-03-20,15:30:00,513100.SS,1.314,13500,¶а,1.209,17739.000,1424.250
2024-03-20,15:30:00,515880.SS,1.225,30400,¶а,1.112,37240.000,3435.200
2024-03-21,15:30:00,513100.SS,1.337,13500,¶а,1.209,18049.500,1734.750
2024-03-21,15:30:00,515880.SS,1.215,30400,¶а,1.112,36936.000,3131.200
2024-03-22,15:30:00,513100.SS,1.338,13500,¶а,1.209,18063.000,1748.250
2024-03-22,15:30:00,515880.SS,1.203,30400,¶а,1.112,36571.200,2766.400
2024-03-25,15:30:00,513100.SS,1.334,13500,¶а,1.209,18009.000,1694.250
2024-03-25,15:30:00,515880.SS,1.180,30400,¶а,1.112,35872.000,2067.200
2024-03-26,15:30:00,513100.SS,1.341,13500,¶а,1.209,18103.500,1788.750
2024-03-26,15:30:00,515880.SS,1.153,30400,¶а,1.112,35051.200,1246.400
2024-03-27,15:30:00,513100.SS,1.342,13500,¶а,1.209,18117.000,1802.250
2024-03-27,15:30:00,515880.SS,1.108,30400,¶а,1.112,33683.200,-121.600
2024-03-28,15:30:00,513100.SS,1.339,13500,¶а,1.209,18076.500,1761.750
2024-03-28,15:30:00,515880.SS,1.141,30400,¶а,1.112,34686.400,881.600
2024-03-29,15:30:00,513100.SS,1.337,13500,¶а,1.209,18049.500,1734.750
2024-03-29,15:30:00,515880.SS,1.156,30400,¶а,1.112,35142.400,1337.600
2024-04-01,15:30:00,513100.SS,1.344,0,¶а,0.000,0.000,0.000
2024-04-01,15:30:00,515880.SS,1.185,36500,¶а,1.120,43252.500,2357.900
2024-04-01,15:30:00,159985.SZ,2.157,5100,¶а,2.144,11000.700,66.810
2024-04-02,15:30:00,515880.SS,1.166,36500,¶а,1.120,42559.000,1664.400
2024-04-02,15:30:00,159985.SZ,2.137,5100,¶а,2.144,10898.700,-35.190
2024-04-03,15:30:00,515880.SS,1.128,36500,¶а,1.120,41172.000,277.400
2024-04-03,15:30:00,159985.SZ,2.123,5100,¶а,2.144,10827.300,-106.590
2024-04-08,15:30:00,515880.SS,1.129,36500,¶а,1.120,41208.500,313.900
2024-04-08,15:30:00,159985.SZ,2.141,5100,¶а,2.144,10919.100,-14.790
2024-04-09,15:30:00,515880.SS,1.128,36500,¶а,1.120,41172.000,277.400
2024-04-09,15:30:00,159985.SZ,2.150,5100,¶а,2.144,10965.000,31.110
2024-04-10,15:30:00,515880.SS,1.093,36500,¶а,1.120,39894.500,-1000.100
2024-04-10,15:30:00,159985.SZ,2.143,5100,¶а,2.144,10929.300,-4.590
2024-04-11,15:30:00,515880.SS,1.099,36500,¶а,1.120,40113.500,-781.100
2024-04-11,15:30:00,159985.SZ,2.120,5100,¶а,2.144,10812.000,-121.890
2024-04-12,15:30:00,515880.SS,1.131,36500,¶а,1.120,41281.500,386.900
2024-04-12,15:30:00,159985.SZ,2.141,5100,¶а,2.144,10919.100,-14.790
2024-04-15,15:30:00,515880.SS,1.143,36500,¶а,1.120,41719.500,824.900
2024-04-15,15:30:00,159985.SZ,2.169,5100,¶а,2.144,11061.900,128.010
2024-04-16,15:30:00,515880.SS,1.105,36500,¶а,1.120,40332.500,-562.100
2024-04-16,15:30:00,159985.SZ,2.190,5100,¶а,2.144,11169.000,235.110
2024-04-17,15:30:00,515880.SS,1.154,36500,¶а,1.120,42121.000,1226.400
2024-04-17,15:30:00,159985.SZ,2.125,5100,¶а,2.144,10837.500,-96.390
2024-04-18,15:30:00,515880.SS,1.155,36500,¶а,1.120,42157.500,1262.900
2024-04-18,15:30:00,159985.SZ,2.142,5100,¶а,2.144,10924.200,-9.690
2024-04-19,15:30:00,515880.SS,1.130,36500,¶а,1.120,41245.000,350.400
2024-04-19,15:30:00,159985.SZ,2.163,5100,¶а,2.144,11031.300,97.410
2024-04-22,15:30:00,515880.SS,1.104,36500,¶а,1.120,40296.000,-598.600
2024-04-22,15:30:00,159985.SZ,2.156,5100,¶а,2.144,10995.600,61.710
2024-04-23,15:30:00,515880.SS,1.099,36500,¶а,1.120,40113.500,-781.100
2024-04-23,15:30:00,159985.SZ,2.167,5100,¶а,2.144,11051.700,117.810
2024-04-24,15:30:00,515880.SS,1.143,36500,¶а,1.120,41719.500,824.900
2024-04-24,15:30:00,159985.SZ,2.190,5100,¶а,2.144,11169.000,235.110
2024-04-25,15:30:00,515880.SS,1.124,36500,¶а,1.120,41026.000,131.400
2024-04-25,15:30:00,159985.SZ,2.182,5100,¶а,2.144,11128.200,194.310
2024-04-26,15:30:00,515880.SS,1.183,36500,¶а,1.120,43179.500,2284.900
2024-04-26,15:30:00,159985.SZ,2.187,5100,¶а,2.144,11153.700,219.810
2024-04-29,15:30:00,515880.SS,1.204,36500,¶а,1.120,43946.000,3051.400
2024-04-29,15:30:00,159985.SZ,2.177,5100,¶а,2.144,11102.700,168.810
2024-04-30,15:30:00,515880.SS,1.189,36500,¶а,1.120,43398.500,2503.900
2024-04-30,15:30:00,159985.SZ,2.188,5100,¶а,2.144,11158.800,224.910
2024-05-06,15:30:00,515880.SS,1.193,0,¶а,0.000,0.000,0.000
2024-05-06,15:30:00,159985.SZ,2.244,15000,¶а,2.209,33660.000,520.500
2024-05-06,15:30:00,518880.SS,5.254,4200,¶а,5.234,22066.800,82.320
2024-05-07,15:30:00,159985.SZ,2.315,15000,¶а,2.209,34725.000,1585.500
2024-05-07,15:30:00,518880.SS,5.268,4200,¶а,5.234,22125.600,141.120
2024-05-08,15:30:00,159985.SZ,2.322,15000,¶а,2.209,34830.000,1690.500
2024-05-08,15:30:00,518880.SS,5.261,4200,¶а,5.234,22096.200,111.720
2024-05-09,15:30:00,159985.SZ,2.310,15000,¶а,2.209,34650.000,1510.500
2024-05-09,15:30:00,518880.SS,5.250,4200,¶а,5.234,22050.000,65.520
2024-05-10,15:30:00,159985.SZ,2.275,15000,¶а,2.209,34125.000,985.500
2024-05-10,15:30:00,518880.SS,5.369,4200,¶а,5.234,22549.800,565.320
2024-05-13,15:30:00,159985.SZ,2.296,15000,¶а,2.209,34440.000,1300.500
2024-05-13,15:30:00,518880.SS,5.337,4200,¶а,5.234,22415.400,430.920
2024-05-14,15:30:00,159985.SZ,2.287,15000,¶а,2.209,34305.000,1165.500
2024-05-14,15:30:00,518880.SS,5.329,4200,¶а,5.234,22381.800,397.320
2024-05-15,15:30:00,159985.SZ,2.302,15000,¶а,2.209,34530.000,1390.500
2024-05-15,15:30:00,518880.SS,5.370,4200,¶а,5.234,22554.000,569.520
2024-05-16,15:30:00,159985.SZ,2.298,15000,¶а,2.209,34470.000,1330.500
2024-05-16,15:30:00,518880.SS,5.417,4200,¶а,5.234,22751.400,766.920
2024-05-17,15:30:00,159985.SZ,2.325,15000,¶а,2.209,34875.000,1735.500
2024-05-17,15:30:00,518880.SS,5.416,4200,¶а,5.234,22747.200,762.720
2024-05-20,15:30:00,159985.SZ,2.317,15000,¶а,2.209,34755.000,1615.500
2024-05-20,15:30:00,518880.SS,5.550,4200,¶а,5.234,23310.000,1325.520
2024-05-21,15:30:00,159985.SZ,2.319,15000,¶а,2.209,34785.000,1645.500
2024-05-21,15:30:00,518880.SS,5.481,4200,¶а,5.234,23020.200,1035.720
2024-05-22,15:30:00,159985.SZ,2.338,15000,¶а,2.209,35070.000,1930.500
2024-05-22,15:30:00,518880.SS,5.492,4200,¶а,5.234,23066.400,1081.920
2024-05-23,15:30:00,159985.SZ,2.341,15000,¶а,2.209,35115.000,1975.500
2024-05-23,15:30:00,518880.SS,5.366,4200,¶а,5.234,22537.200,552.720
2024-05-24,15:30:00,159985.SZ,2.322,15000,¶а,2.209,34830.000,1690.500
2024-05-24,15:30:00,518880.SS,5.319,4200,¶а,5.234,22339.800,355.320
2024-05-27,15:30:00,159985.SZ,2.320,15000,¶а,2.209,34800.000,1660.500
2024-05-27,15:30:00,518880.SS,5.338,4200,¶а,5.234,22419.600,435.120
2024-05-28,15:30:00,159985.SZ,2.298,15000,¶а,2.209,34470.000,1330.500
2024-05-28,15:30:00,518880.SS,5.334,4200,¶а,5.234,22402.800,418.320
2024-05-29,15:30:00,159985.SZ,2.265,15000,¶а,2.209,33975.000,835.500
2024-05-29,15:30:00,518880.SS,5.370,4200,¶а,5.234,22554.000,569.520
2024-05-30,15:30:00,159985.SZ,2.246,15000,¶а,2.209,33690.000,550.500
2024-05-30,15:30:00,518880.SS,5.317,4200,¶а,5.234,22331.400,346.920
2024-05-31,15:30:00,159985.SZ,2.256,15000,¶а,2.209,33840.000,700.500
2024-05-31,15:30:00,518880.SS,5.343,4200,¶а,5.234,22440.600,456.120
2024-06-03,15:30:00,159985.SZ,2.225,13000,¶а,2.207,28925.000,231.400
2024-06-03,15:30:00,518880.SS,5.296,0,¶а,0.000,0.000,0.000
2024-06-03,15:30:00,513100.SS,1.359,19600,¶а,1.361,26636.400,-47.040
2024-06-04,15:30:00,159985.SZ,2.237,13000,¶а,2.207,29081.000,387.400
2024-06-04,15:30:00,513100.SS,1.355,19600,¶а,1.361,26558.000,-125.440
2024-06-05,15:30:00,159985.SZ,2.254,13000,¶а,2.207,29302.000,608.400
2024-06-05,15:30:00,513100.SS,1.366,19600,¶а,1.361,26773.600,90.160
2024-06-06,15:30:00,159985.SZ,2.263,13000,¶а,2.207,29419.000,725.400
2024-06-06,15:30:00,513100.SS,1.393,19600,¶а,1.361,27302.800,619.360
2024-06-07,15:30:00,159985.SZ,2.264,13000,¶а,2.207,29432.000,738.400
2024-06-07,15:30:00,513100.SS,1.394,19600,¶а,1.361,27322.400,638.960
2024-06-11,15:30:00,159985.SZ,2.247,13000,¶а,2.207,29211.000,517.400
2024-06-11,15:30:00,513100.SS,1.395,19600,¶а,1.361,27342.000,658.560
2024-06-12,15:30:00,159985.SZ,2.252,13000,¶а,2.207,29276.000,582.400
2024-06-12,15:30:00,513100.SS,1.408,19600,¶а,1.361,27596.800,913.360
2024-06-13,15:30:00,159985.SZ,2.212,13000,¶а,2.207,28756.000,62.400
2024-06-13,15:30:00,513100.SS,1.436,19600,¶а,1.361,28145.600,1462.160
2024-06-14,15:30:00,159985.SZ,2.232,13000,¶а,2.207,29016.000,322.400
2024-06-14,15:30:00,513100.SS,1.435,19600,¶а,1.361,28126.000,1442.560
2024-06-17,15:30:00,159985.SZ,2.194,13000,¶а,2.207,28522.000,-171.600
2024-06-17,15:30:00,513100.SS,1.441,19600,¶а,1.361,28243.600,1560.160
2024-06-18,15:30:00,159985.SZ,2.173,13000,¶а,2.207,28249.000,-444.600
2024-06-18,15:30:00,513100.SS,1.460,19600,¶а,1.361,28616.000,1932.560
2024-06-19,15:30:00,159985.SZ,2.181,13000,¶а,2.207,28353.000,-340.600
2024-06-19,15:30:00,513100.SS,1.462,19600,¶а,1.361,28655.200,1971.760
2024-06-20,15:30:00,159985.SZ,2.185,13000,¶а,2.207,28405.000,-288.600
2024-06-20,15:30:00,513100.SS,1.472,19600,¶а,1.361,28851.200,2167.760
2024-06-21,15:30:00,159985.SZ,2.156,13000,¶а,2.207,28028.000,-665.600
2024-06-21,15:30:00,513100.SS,1.450,19600,¶а,1.361,28420.000,1736.560
2024-06-24,15:30:00,159985.SZ,2.165,13000,¶а,2.207,28145.000,-548.600
2024-06-24,15:30:00,513100.SS,1.444,19600,¶а,1.361,28302.400,1618.960
2024-06-25,15:30:00,159985.SZ,2.171,13000,¶а,2.207,28223.000,-470.600
2024-06-25,15:30:00,513100.SS,1.429,19600,¶а,1.361,28008.400,1324.960
2024-06-26,15:30:00,159985.SZ,2.175,13000,¶а,2.207,28275.000,-418.600
2024-06-26,15:30:00,513100.SS,1.456,19600,¶а,1.361,28537.600,1854.160
2024-06-27,15:30:00,159985.SZ,2.175,13000,¶а,2.207,28275.000,-418.600
2024-06-27,15:30:00,513100.SS,1.455,19600,¶а,1.361,28518.000,1834.560
2024-06-28,15:30:00,159985.SZ,2.182,13000,¶а,2.207,28366.000,-327.600
2024-06-28,15:30:00,513100.SS,1.475,19600,¶а,1.361,28910.000,2226.560
2024-07-01,15:30:00,159985.SZ,2.176,0,¶а,0.000,0.000,0.000
2024-07-01,15:30:00,513100.SS,1.473,36000,¶а,1.410,53028.000,2257.200
2024-07-01,15:30:00,515880.SS,1.198,3500,¶а,1.179,4193.000,67.900
2024-07-02,15:30:00,513100.SS,1.474,36000,¶а,1.410,53064.000,2293.200
2024-07-02,15:30:00,515880.SS,1.184,3500,¶а,1.179,4144.000,18.900
2024-07-03,15:30:00,513100.SS,1.501,36000,¶а,1.410,54036.000,3265.200
2024-07-03,15:30:00,515880.SS,1.169,3500,¶а,1.179,4091.500,-33.600
2024-07-04,15:30:00,513100.SS,1.510,36000,¶а,1.410,54360.000,3589.200
2024-07-04,15:30:00,515880.SS,1.162,3500,¶а,1.179,4067.000,-58.100
2024-07-05,15:30:00,513100.SS,1.529,36000,¶а,1.410,55044.000,4273.200
2024-07-05,15:30:00,515880.SS,1.160,3500,¶а,1.179,4060.000,-65.100
2024-07-08,15:30:00,513100.SS,1.552,36000,¶а,1.410,55872.000,5101.200
2024-07-08,15:30:00,515880.SS,1.158,3500,¶а,1.179,4053.000,-72.100
2024-07-09,15:30:00,513100.SS,1.568,36000,¶а,1.410,56448.000,5677.200
2024-07-09,15:30:00,515880.SS,1.226,3500,¶а,1.179,4291.000,165.900
2024-07-10,15:30:00,513100.SS,1.548,36000,¶а,1.410,55728.000,4957.200
2024-07-10,15:30:00,515880.SS,1.231,3500,¶а,1.179,4308.500,183.400
2024-07-11,15:30:00,513100.SS,1.555,36000,¶а,1.410,55980.000,5209.200
2024-07-11,15:30:00,515880.SS,1.232,3500,¶а,1.179,4312.000,186.900
2024-07-12,15:30:00,513100.SS,1.492,36000,¶а,1.410,53712.000,2941.200
2024-07-12,15:30:00,515880.SS,1.204,3500,¶а,1.179,4214.000,88.900
2024-07-15,15:30:00,513100.SS,1.539,36000,¶а,1.410,55404.000,4633.200
2024-07-15,15:30:00,515880.SS,1.191,3500,¶а,1.179,4168.500,43.400
2024-07-16,15:30:00,513100.SS,1.536,36000,¶а,1.410,55296.000,4525.200
2024-07-16,15:30:00,515880.SS,1.203,3500,¶а,1.179,4210.500,85.400
2024-07-17,15:30:00,513100.SS,1.522,36000,¶а,1.410,54792.000,4021.200
2024-07-17,15:30:00,515880.SS,1.170,3500,¶а,1.179,4095.000,-30.100
2024-07-18,15:30:00,513100.SS,1.495,36000,¶а,1.410,53820.000,3049.200
2024-07-18,15:30:00,515880.SS,1.159,3500,¶а,1.179,4056.500,-68.600
2024-07-19,15:30:00,513100.SS,1.471,36000,¶а,1.410,52956.000,2185.200
2024-07-19,15:30:00,515880.SS,1.149,3500,¶а,1.179,4021.500,-103.600
2024-07-22,15:30:00,513100.SS,1.463,36000,¶а,1.410,52668.000,1897.200
2024-07-22,15:30:00,515880.SS,1.154,3500,¶а,1.179,4039.000,-86.100
2024-07-23,15:30:00,513100.SS,1.477,36000,¶а,1.410,53172.000,2401.200
2024-07-23,15:30:00,515880.SS,1.123,3500,¶а,1.179,3930.500,-194.600
2024-07-24,15:30:00,513100.SS,1.448,36000,¶а,1.410,52128.000,1357.200
2024-07-24,15:30:00,515880.SS,1.115,3500,¶а,1.179,3902.500,-222.600
2024-07-25,15:30:00,513100.SS,1.407,36000,¶а,1.410,50652.000,-118.800
2024-07-25,15:30:00,515880.SS,1.087,3500,¶а,1.179,3804.500,-320.600
2024-07-26,15:30:00,513100.SS,1.409,36000,¶а,1.410,50724.000,-46.800
2024-07-26,15:30:00,515880.SS,1.107,3500,¶а,1.179,3874.500,-250.600
2024-07-29,15:30:00,513100.SS,1.437,36000,¶а,1.410,51732.000,961.200
2024-07-29,15:30:00,515880.SS,1.115,3500,¶а,1.179,3902.500,-222.600
2024-07-30,15:30:00,513100.SS,1.420,36000,¶а,1.410,51120.000,349.200
2024-07-30,15:30:00,515880.SS,1.107,3500,¶а,1.179,3874.500,-250.600
2024-07-31,15:30:00,513100.SS,1.429,36000,¶а,1.410,51444.000,673.200
2024-07-31,15:30:00,515880.SS,1.140,3500,¶а,1.179,3990.000,-135.100
2024-08-01,15:30:00,513100.SS,1.463,0,¶а,0.000,0.000,0.000
2024-08-01,15:30:00,515880.SS,1.140,0,¶а,0.000,0.000,0.000
2024-08-01,15:30:00,518880.SS,5.480,1200,¶а,5.511,6576.000,-37.080
2024-08-01,15:30:00,512660.SS,0.922,54100,¶а,0.921,49880.200,70.330
2024-08-02,15:30:00,518880.SS,5.505,1200,¶а,5.511,6606.000,-7.080
2024-08-02,15:30:00,512660.SS,0.913,54100,¶а,0.921,49393.300,-416.570
2024-08-05,15:30:00,518880.SS,5.366,1200,¶а,5.511,6439.200,-173.880
2024-08-05,15:30:00,512660.SS,0.884,54100,¶а,0.921,47824.400,-1985.470
2024-08-06,15:30:00,518880.SS,5.327,1200,¶а,5.511,6392.400,-220.680
2024-08-06,15:30:00,512660.SS,0.906,54100,¶а,0.921,49014.600,-795.270
2024-08-07,15:30:00,518880.SS,5.352,1200,¶а,5.511,6422.400,-190.680
2024-08-07,15:30:00,512660.SS,0.912,54100,¶а,0.921,49339.200,-470.670
2024-08-08,15:30:00,518880.SS,5.349,1200,¶а,5.511,6418.800,-194.280
2024-08-08,15:30:00,512660.SS,0.883,54100,¶а,0.921,47770.300,-2039.570
2024-08-09,15:30:00,518880.SS,5.396,1200,¶а,5.511,6475.200,-137.880
2024-08-09,15:30:00,512660.SS,0.873,54100,¶а,0.921,47229.300,-2580.570
2024-08-12,15:30:00,518880.SS,5.437,1200,¶а,5.511,6524.400,-88.680
2024-08-12,15:30:00,512660.SS,0.865,54100,¶а,0.921,46796.500,-3013.370
2024-08-13,15:30:00,518880.SS,5.474,1200,¶а,5.511,6568.800,-44.280
2024-08-13,15:30:00,512660.SS,0.875,54100,¶а,0.921,47337.500,-2472.370
2024-08-14,15:30:00,518880.SS,5.456,1200,¶а,5.511,6547.200,-65.880
2024-08-14,15:30:00,512660.SS,0.864,54100,¶а,0.921,46742.400,-3067.470
2024-08-15,15:30:00,518880.SS,5.443,1200,¶а,5.511,6531.600,-81.480
2024-08-15,15:30:00,512660.SS,0.867,54100,¶а,0.921,46904.700,-2905.170
2024-08-16,15:30:00,518880.SS,5.453,1200,¶а,5.511,6543.600,-69.480
2024-08-16,15:30:00,512660.SS,0.856,54100,¶а,0.921,46309.600,-3500.270
2024-08-19,15:30:00,518880.SS,5.513,1200,¶а,5.511,6615.600,2.520
2024-08-19,15:30:00,512660.SS,0.853,54100,¶а,0.921,46147.300,-3662.570
2024-08-20,15:30:00,518880.SS,5.513,1200,¶а,5.511,6615.600,2.520
2024-08-20,15:30:00,512660.SS,0.839,54100,¶а,0.921,45389.900,-4419.970
2024-08-21,15:30:00,518880.SS,5.537,1200,¶а,5.511,6644.400,31.320
2024-08-21,15:30:00,512660.SS,0.834,54100,¶а,0.921,45119.400,-4690.470
2024-08-22,15:30:00,518880.SS,5.523,1200,¶а,5.511,6627.600,14.520
2024-08-22,15:30:00,512660.SS,0.831,54100,¶а,0.921,44957.100,-4852.770
2024-08-23,15:30:00,518880.SS,5.504,1200,¶а,5.511,6604.800,-8.280
2024-08-23,15:30:00,512660.SS,0.832,54100,¶а,0.921,45011.200,-4798.670
2024-08-26,15:30:00,518880.SS,5.538,1200,¶а,5.511,6645.600,32.520
2024-08-26,15:30:00,512660.SS,0.825,54100,¶а,0.921,44632.500,-5177.370
2024-08-27,15:30:00,518880.SS,5.534,1200,¶а,5.511,6640.800,27.720
2024-08-27,15:30:00,512660.SS,0.811,54100,¶а,0.921,43875.100,-5934.770
2024-08-28,15:30:00,518880.SS,5.528,1200,¶а,5.511,6633.600,20.520
2024-08-28,15:30:00,512660.SS,0.819,54100,¶а,0.921,44307.900,-5501.970
2024-08-29,15:30:00,518880.SS,5.535,1200,¶а,5.511,6642.000,28.920
2024-08-29,15:30:00,512660.SS,0.833,54100,¶а,0.921,45065.300,-4744.570
2024-08-30,15:30:00,518880.SS,5.522,1200,¶а,5.511,6626.400,13.320
2024-08-30,15:30:00,512660.SS,0.843,54100,¶а,0.921,45606.300,-4203.570
2024-09-02,15:30:00,518880.SS,5.491,9400,¶а,5.512,51615.400,-195.520
2024-09-02,15:30:00,512660.SS,0.812,0,¶а,0.000,0.000,0.000
2024-09-03,15:30:00,518880.SS,5.501,9400,¶а,5.512,51709.400,-101.520
2024-09-04,15:30:00,518880.SS,5.463,9400,¶а,5.512,51352.200,-458.720
2024-09-05,15:30:00,518880.SS,5.502,9400,¶а,5.512,51718.800,-92.120
2024-09-06,15:30:00,518880.SS,5.517,9400,¶а,5.512,51859.800,48.880
2024-09-09,15:30:00,518880.SS,5.477,9400,¶а,5.512,51483.800,-327.120
2024-09-10,15:30:00,518880.SS,5.513,9400,¶а,5.512,51822.200,11.280
2024-09-11,15:30:00,518880.SS,5.542,9400,¶а,5.512,52094.800,283.880
2024-09-12,15:30:00,518880.SS,5.531,9400,¶а,5.512,51991.400,180.480
2024-09-13,15:30:00,518880.SS,5.611,9400,¶а,5.512,52743.400,932.480
2024-09-18,15:30:00,518880.SS,5.609,9400,¶а,5.512,52724.600,913.680
2024-09-19,15:30:00,518880.SS,5.600,9400,¶а,5.512,52640.000,829.080
2024-09-20,15:30:00,518880.SS,5.663,9400,¶а,5.512,53232.200,1421.280
2024-09-23,15:30:00,518880.SS,5.711,9400,¶а,5.512,53683.400,1872.480
2024-09-24,15:30:00,518880.SS,5.697,9400,¶а,5.512,53551.800,1740.880
2024-09-25,15:30:00,518880.SS,5.740,9400,¶а,5.512,53956.000,2145.080
2024-09-26,15:30:00,518880.SS,5.751,9400,¶а,5.512,54059.400,2248.480
2024-09-27,15:30:00,518880.SS,5.708,9400,¶а,5.512,53655.200,1844.280
2024-09-30,15:30:00,518880.SS,5.707,9400,¶а,5.512,53645.800,1834.880
2024-10-08,15:30:00,518880.SS,5.714,0,¶а,0.000,0.000,0.000
2024-10-08,15:30:00,159985.SZ,1.918,500,¶а,1.965,959.000,-23.500
2024-10-09,15:30:00,159985.SZ,1.919,500,¶а,1.965,959.500,-23.000
2024-10-10,15:30:00,159985.SZ,1.918,500,¶а,1.965,959.000,-23.500
2024-10-11,15:30:00,159985.SZ,1.888,500,¶а,1.965,944.000,-38.500
2024-10-14,15:30:00,159985.SZ,1.900,500,¶а,1.965,950.000,-32.500
2024-10-15,15:30:00,159985.SZ,1.901,500,¶а,1.965,950.500,-32.000
2024-10-16,15:30:00,159985.SZ,1.914,500,¶а,1.965,957.000,-25.500
2024-10-17,15:30:00,159985.SZ,1.882,500,¶а,1.965,941.000,-41.500
2024-10-18,15:30:00,159985.SZ,1.900,500,¶а,1.965,950.000,-32.500
2024-10-21,15:30:00,159985.SZ,1.895,500,¶а,1.965,947.500,-35.000
2024-10-22,15:30:00,159985.SZ,1.891,500,¶а,1.965,945.500,-37.000
2024-10-23,15:30:00,159985.SZ,1.899,500,¶а,1.965,949.500,-33.000
2024-10-24,15:30:00,159985.SZ,1.897,500,¶а,1.965,948.500,-34.000
2024-10-25,15:30:00,159985.SZ,1.876,500,¶а,1.965,938.000,-44.500
2024-10-28,15:30:00,159985.SZ,1.894,500,¶а,1.965,947.000,-35.500
2024-10-29,15:30:00,159985.SZ,1.911,500,¶а,1.965,955.500,-27.000
2024-10-30,15:30:00,159985.SZ,1.913,500,¶а,1.965,956.500,-26.000
2024-10-31,15:30:00,159985.SZ,1.901,500,¶а,1.965,950.500,-32.000
2024-11-01,15:30:00,159985.SZ,1.884,0,¶а,0.000,0.000,0.000
2024-11-01,15:30:00,512720.SS,0.984,21100,¶а,1.017,20762.400,-692.080
2024-11-01,15:30:00,515880.SS,1.358,23200,¶а,1.394,31505.600,-823.600
2024-11-04,15:30:00,512720.SS,1.006,21100,¶а,1.017,21226.600,-227.880
2024-11-04,15:30:00,515880.SS,1.388,23200,¶а,1.394,32201.600,-127.600
2024-11-05,15:30:00,512720.SS,1.069,21100,¶а,1.017,22555.900,1101.420
2024-11-05,15:30:00,515880.SS,1.431,23200,¶а,1.394,33199.200,870.000
2024-11-06,15:30:00,512720.SS,1.079,21100,¶а,1.017,22766.900,1312.420
2024-11-06,15:30:00,515880.SS,1.416,23200,¶а,1.394,32851.200,522.000
2024-11-07,15:30:00,512720.SS,1.119,21100,¶а,1.017,23610.900,2156.420
2024-11-07,15:30:00,515880.SS,1.442,23200,¶а,1.394,33454.400,1125.200
2024-11-08,15:30:00,512720.SS,1.136,21100,¶а,1.017,23969.600,2515.120
2024-11-08,15:30:00,515880.SS,1.463,23200,¶а,1.394,33941.600,1612.400
2024-11-11,15:30:00,512720.SS,1.195,21100,¶а,1.017,25214.500,3760.020
2024-11-11,15:30:00,515880.SS,1.513,23200,¶а,1.394,35101.600,2772.400
2024-11-12,15:30:00,512720.SS,1.168,21100,¶а,1.017,24644.800,3190.320
2024-11-12,15:30:00,515880.SS,1.486,23200,¶а,1.394,34475.200,2146.000
2024-11-13,15:30:00,512720.SS,1.183,21100,¶а,1.017,24961.300,3506.820
2024-11-13,15:30:00,515880.SS,1.514,23200,¶а,1.394,35124.800,2795.600
2024-11-14,15:30:00,512720.SS,1.135,21100,¶а,1.017,23948.500,2494.020
2024-11-14,15:30:00,515880.SS,1.446,23200,¶а,1.394,33547.200,1218.000
2024-11-15,15:30:00,512720.SS,1.098,21100,¶а,1.017,23167.800,1713.320
2024-11-15,15:30:00,515880.SS,1.391,23200,¶а,1.394,32271.200,-58.000
2024-11-18,15:30:00,512720.SS,1.046,21100,¶а,1.017,22070.600,616.120
2024-11-18,15:30:00,515880.SS,1.354,23200,¶а,1.394,31412.800,-916.400
2024-11-19,15:30:00,512720.SS,1.075,21100,¶а,1.017,22682.500,1228.020
2024-11-19,15:30:00,515880.SS,1.387,23200,¶а,1.394,32178.400,-150.800
2024-11-20,15:30:00,512720.SS,1.091,21100,¶а,1.017,23020.100,1565.620
2024-11-20,15:30:00,515880.SS,1.408,23200,¶а,1.394,32665.600,336.400
2024-11-21,15:30:00,512720.SS,1.107,21100,¶а,1.017,23357.700,1903.220
2024-11-21,15:30:00,515880.SS,1.391,23200,¶а,1.394,32271.200,-58.000
2024-11-22,15:30:00,512720.SS,1.067,21100,¶а,1.017,22513.700,1059.220
2024-11-22,15:30:00,515880.SS,1.343,23200,¶а,1.394,31157.600,-1171.600
2024-11-25,15:30:00,512720.SS,1.066,21100,¶а,1.017,22492.600,1038.120
2024-11-25,15:30:00,515880.SS,1.311,23200,¶а,1.394,30415.200,-1914.000
2024-11-26,15:30:00,512720.SS,1.042,21100,¶а,1.017,21986.200,531.720
2024-11-26,15:30:00,515880.SS,1.309,23200,¶а,1.394,30368.800,-1960.400
2024-11-27,15:30:00,512720.SS,1.075,21100,¶а,1.017,22682.500,1228.020
2024-11-27,15:30:00,515880.SS,1.335,23200,¶а,1.394,30972.000,-1357.200
2024-11-28,15:30:00,512720.SS,1.070,21100,¶а,1.017,22577.000,1122.520
2024-11-28,15:30:00,515880.SS,1.309,23200,¶а,1.394,30368.800,-1960.400
2024-11-29,15:30:00,512720.SS,1.106,21100,¶а,1.017,23336.600,1882.120
2024-11-29,15:30:00,515880.SS,1.335,23200,¶а,1.394,30972.000,-1357.200
2024-12-02,15:30:00,512720.SS,1.110,21100,¶а,1.017,23421.000,1966.520
2024-12-02,15:30:00,515880.SS,1.365,0,¶а,0.000,0.000,0.000
2024-12-02,15:30:00,515700.SS,1.714,18400,¶а,1.686,31537.600,515.200
2024-12-03,15:30:00,512720.SS,1.092,21100,¶а,1.017,23041.200,1586.720
2024-12-03,15:30:00,515700.SS,1.700,18400,¶а,1.686,31280.000,257.600
2024-12-04,15:30:00,512720.SS,1.079,21100,¶а,1.017,22766.900,1312.420
2024-12-04,15:30:00,515700.SS,1.675,18400,¶а,1.686,30820.000,-202.400
2024-12-05,15:30:00,512720.SS,1.093,21100,¶а,1.017,23062.300,1607.820
2024-12-05,15:30:00,515700.SS,1.670,18400,¶а,1.686,30728.000,-294.400
2024-12-06,15:30:00,512720.SS,1.106,21100,¶а,1.017,23336.600,1882.120
2024-12-06,15:30:00,515700.SS,1.694,18400,¶а,1.686,31169.600,147.200
2024-12-09,15:30:00,512720.SS,1.099,21100,¶а,1.017,23188.900,1734.420
2024-12-09,15:30:00,515700.SS,1.693,18400,¶а,1.686,31151.200,128.800
2024-12-10,15:30:00,512720.SS,1.115,21100,¶а,1.017,23526.500,2072.020
2024-12-10,15:30:00,515700.SS,1.693,18400,¶а,1.686,31151.200,128.800
2024-12-11,15:30:00,512720.SS,1.115,21100,¶а,1.017,23526.500,2072.020
2024-12-11,15:30:00,515700.SS,1.680,18400,¶а,1.686,30912.000,-110.400
2024-12-12,15:30:00,512720.SS,1.117,21100,¶а,1.017,23568.700,2114.220
2024-12-12,15:30:00,515700.SS,1.697,18400,¶а,1.686,31224.800,202.400
2024-12-13,15:30:00,512720.SS,1.092,21100,¶а,1.017,23041.200,1586.720
2024-12-13,15:30:00,515700.SS,1.658,18400,¶а,1.686,30507.200,-515.200
2024-12-16,15:30:00,512720.SS,1.069,21100,¶а,1.017,22555.900,1101.420
2024-12-16,15:30:00,515700.SS,1.626,18400,¶а,1.686,29918.400,-1104.000
2024-12-17,15:30:00,512720.SS,1.057,21100,¶а,1.017,22302.700,848.220
2024-12-17,15:30:00,515700.SS,1.632,18400,¶а,1.686,30028.800,-993.600
2024-12-18,15:30:00,512720.SS,1.074,21100,¶а,1.017,22661.400,1206.920
2024-12-18,15:30:00,515700.SS,1.627,18400,¶а,1.686,29936.800,-1085.600
2024-12-19,15:30:00,512720.SS,1.107,21100,¶а,1.017,23357.700,1903.220
2024-12-19,15:30:00,515700.SS,1.625,18400,¶а,1.686,29900.000,-1122.400
2024-12-20,15:30:00,512720.SS,1.109,21100,¶а,1.017,23399.900,1945.420
2024-12-20,15:30:00,515700.SS,1.623,18400,¶а,1.686,29863.200,-1159.200
2024-12-23,15:30:00,512720.SS,1.087,21100,¶а,1.017,22935.700,1481.220
2024-12-23,15:30:00,515700.SS,1.603,18400,¶а,1.686,29495.200,-1527.200
2024-12-24,15:30:00,512720.SS,1.090,21100,¶а,1.017,22999.000,1544.520
2024-12-24,15:30:00,515700.SS,1.624,18400,¶а,1.686,29881.600,-1140.800
2024-12-25,15:30:00,512720.SS,1.083,21100,¶а,1.017,22851.300,1396.820
2024-12-25,15:30:00,515700.SS,1.606,18400,¶а,1.686,29550.400,-1472.000
2024-12-26,15:30:00,512720.SS,1.105,21100,¶а,1.017,23315.500,1861.020
2024-12-26,15:30:00,515700.SS,1.610,18400,¶а,1.686,29624.000,-1398.400
2024-12-27,15:30:00,512720.SS,1.091,21100,¶а,1.017,23020.100,1565.620
2024-12-27,15:30:00,515700.SS,1.611,18400,¶а,1.686,29642.400,-1380.000
2024-12-30,15:30:00,512720.SS,1.088,21100,¶а,1.017,22956.800,1502.320
2024-12-30,15:30:00,515700.SS,1.619,18400,¶а,1.686,29789.600,-1232.800
2024-12-31,15:30:00,512720.SS,1.049,21100,¶а,1.017,22133.900,679.420
2024-12-31,15:30:00,515700.SS,1.581,18400,¶а,1.686,29090.400,-1932.000
2025-01-02,15:30:00,512720.SS,0.996,0,¶а,0.000,0.000,0.000
2025-01-02,15:30:00,515700.SS,1.527,0,¶а,0.000,0.000,0.000
2025-01-02,15:30:00,159740.SZ,0.587,25900,¶а,0.596,15203.300,-235.690
2025-01-02,15:30:00,518880.SS,5.977,5900,¶а,5.989,35264.300,-69.620
2025-01-03,15:30:00,159740.SZ,0.590,25900,¶а,0.596,15281.000,-157.990
2025-01-03,15:30:00,518880.SS,6.029,5900,¶а,5.989,35571.100,237.180
2025-01-06,15:30:00,159740.SZ,0.592,25900,¶а,0.596,15332.800,-106.190
2025-01-06,15:30:00,518880.SS,5.990,5900,¶а,5.989,35341.000,7.080
2025-01-07,15:30:00,159740.SZ,0.584,25900,¶а,0.596,15125.600,-313.390
2025-01-07,15:30:00,518880.SS,6.000,5900,¶а,5.989,35400.000,66.080
2025-01-08,15:30:00,159740.SZ,0.581,25900,¶а,0.596,15047.900,-391.090
2025-01-08,15:30:00,518880.SS,6.030,5900,¶а,5.989,35577.000,243.080
2025-01-09,15:30:00,159740.SZ,0.584,25900,¶а,0.596,15125.600,-313.390
2025-01-09,15:30:00,518880.SS,6.065,5900,¶а,5.989,35783.500,449.580
2025-01-10,15:30:00,159740.SZ,0.576,25900,¶а,0.596,14918.400,-520.590
2025-01-10,15:30:00,518880.SS,6.105,5900,¶а,5.989,36019.500,685.580
2025-01-13,15:30:00,159740.SZ,0.570,25900,¶а,0.596,14763.000,-675.990
2025-01-13,15:30:00,518880.SS,6.120,5900,¶а,5.989,36108.000,774.080
2025-01-14,15:30:00,159740.SZ,0.589,25900,¶а,0.596,15255.100,-183.890
2025-01-14,15:30:00,518880.SS,6.068,5900,¶а,5.989,35801.200,467.280
2025-01-15,15:30:00,159740.SZ,0.589,25900,¶а,0.596,15255.100,-183.890
2025-01-15,15:30:00,518880.SS,6.102,5900,¶а,5.989,36001.800,667.880
2025-01-16,15:30:00,159740.SZ,0.596,25900,¶а,0.596,15436.400,-2.590
2025-01-16,15:30:00,518880.SS,6.122,5900,¶а,5.989,36119.800,785.880
2025-01-17,15:30:00,159740.SZ,0.602,25900,¶а,0.596,15591.800,152.810
2025-01-17,15:30:00,518880.SS,6.139,5900,¶а,5.989,36220.100,886.180
2025-01-20,15:30:00,159740.SZ,0.617,25900,¶а,0.596,15980.300,541.310
2025-01-20,15:30:00,518880.SS,6.127,5900,¶а,5.989,36149.300,815.380
2025-01-21,15:30:00,159740.SZ,0.627,25900,¶а,0.596,16239.300,800.310
2025-01-21,15:30:00,518880.SS,6.127,5900,¶а,5.989,36149.300,815.380
2025-01-22,15:30:00,159740.SZ,0.612,25900,¶а,0.596,15850.800,411.810
2025-01-22,15:30:00,518880.SS,6.181,5900,¶а,5.989,36467.900,1133.980
2025-01-23,15:30:00,159740.SZ,0.604,25900,¶а,0.596,15643.600,204.610
2025-01-23,15:30:00,518880.SS,6.187,5900,¶а,5.989,36503.300,1169.380
2025-01-24,15:30:00,159740.SZ,0.622,25900,¶а,0.596,16109.800,670.810
2025-01-24,15:30:00,518880.SS,6.218,5900,¶а,5.989,36686.200,1352.280
2025-01-27,15:30:00,159740.SZ,0.629,25900,¶а,0.596,16291.100,852.110
2025-01-27,15:30:00,518880.SS,6.202,5900,¶а,5.989,36591.800,1257.880
2025-02-05,15:30:00,159740.SZ,0.658,0,¶а,0.000,0.000,0.000
2025-02-05,15:30:00,518880.SS,6.439,1800,¶а,5.081,11590.200,2445.120
2025-02-05,15:30:00,159985.SZ,1.988,7600,¶а,1.965,15108.800,178.600
2025-02-05,15:30:00,513100.SS,1.612,17300,¶а,1.622,27887.600,-171.270
2025-02-06,15:30:00,518880.SS,6.402,1800,¶а,5.081,11523.600,2378.520
2025-02-06,15:30:00,159985.SZ,1.969,7600,¶а,1.965,14964.400,34.200
2025-02-06,15:30:00,513100.SS,1.627,17300,¶а,1.622,28147.100,88.230
2025-02-07,15:30:00,518880.SS,6.420,1800,¶а,5.081,11556.000,2410.920
2025-02-07,15:30:00,159985.SZ,1.970,7600,¶а,1.965,14972.000,41.800
2025-02-07,15:30:00,513100.SS,1.623,17300,¶а,1.622,28077.900,19.030
2025-02-10,15:30:00,518880.SS,6.518,1800,¶а,5.081,11732.400,2587.320
2025-02-10,15:30:00,159985.SZ,1.964,7600,¶а,1.965,14926.400,-3.800
2025-02-10,15:30:00,513100.SS,1.606,17300,¶а,1.622,27783.800,-275.070
2025-02-11,15:30:00,518880.SS,6.584,1800,¶а,5.081,11851.200,2706.120
2025-02-11,15:30:00,159985.SZ,1.965,7600,¶а,1.965,14934.000,3.800
2025-02-11,15:30:00,513100.SS,1.607,17300,¶а,1.622,27801.100,-257.770
2025-02-12,15:30:00,518880.SS,6.538,1800,¶а,5.081,11768.400,2623.320
2025-02-12,15:30:00,159985.SZ,1.937,7600,¶а,1.965,14721.200,-209.000
2025-02-12,15:30:00,513100.SS,1.609,17300,¶а,1.622,27835.700,-223.170
2025-02-13,15:30:00,518880.SS,6.570,1800,¶а,5.081,11826.000,2680.920
2025-02-13,15:30:00,159985.SZ,1.929,7600,¶а,1.965,14660.400,-269.800
2025-02-13,15:30:00,513100.SS,1.618,17300,¶а,1.622,27991.400,-67.470
2025-02-14,15:30:00,518880.SS,6.605,1800,¶а,5.081,11889.000,2743.920
2025-02-14,15:30:00,159985.SZ,1.955,7600,¶а,1.965,14858.000,-72.200
2025-02-14,15:30:00,513100.SS,1.629,17300,¶а,1.622,28181.700,122.830
2025-02-17,15:30:00,518880.SS,6.494,1800,¶а,5.081,11689.200,2544.120
2025-02-17,15:30:00,159985.SZ,1.933,7600,¶а,1.965,14690.800,-239.400
2025-02-17,15:30:00,513100.SS,1.630,17300,¶а,1.622,28199.000,140.130
2025-02-18,15:30:00,518880.SS,6.555,1800,¶а,5.081,11799.000,2653.920
2025-02-18,15:30:00,159985.SZ,1.937,7600,¶а,1.965,14721.200,-209.000
2025-02-18,15:30:00,513100.SS,1.643,17300,¶а,1.622,28423.900,365.030
2025-02-19,15:30:00,518880.SS,6.598,1800,¶а,5.081,11876.400,2731.320
2025-02-19,15:30:00,159985.SZ,1.968,7600,¶а,1.965,14956.800,26.600
2025-02-19,15:30:00,513100.SS,1.636,17300,¶а,1.622,28302.800,243.930
2025-02-20,15:30:00,518880.SS,6.619,1800,¶а,5.081,11914.200,2769.120
2025-02-20,15:30:00,159985.SZ,1.984,7600,¶а,1.965,15078.400,148.200
2025-02-20,15:30:00,513100.SS,1.622,17300,¶а,1.622,28060.600,1.730
2025-02-21,15:30:00,518880.SS,6.568,1800,¶а,5.081,11822.400,2677.320
2025-02-21,15:30:00,159985.SZ,1.995,7600,¶а,1.965,15162.000,231.800
2025-02-21,15:30:00,513100.SS,1.611,17300,¶а,1.622,27870.300,-188.570
2025-02-24,15:30:00,518880.SS,6.581,1800,¶а,5.081,11845.800,2700.720
2025-02-24,15:30:00,159985.SZ,1.968,7600,¶а,1.965,14956.800,26.600
2025-02-24,15:30:00,513100.SS,1.590,17300,¶а,1.622,27507.000,-551.870
2025-02-25,15:30:00,518880.SS,6.582,1800,¶а,5.081,11847.600,2702.520
2025-02-25,15:30:00,159985.SZ,1.974,7600,¶а,1.965,15002.400,72.200
2025-02-25,15:30:00,513100.SS,1.565,17300,¶а,1.622,27074.500,-984.370
2025-02-26,15:30:00,518880.SS,6.519,1800,¶а,5.081,11734.200,2589.120
2025-02-26,15:30:00,159985.SZ,1.957,7600,¶а,1.965,14873.200,-57.000
2025-02-26,15:30:00,513100.SS,1.561,17300,¶а,1.622,27005.300,-1053.570
2025-02-27,15:30:00,518880.SS,6.492,1800,¶а,5.081,11685.600,2540.520
2025-02-27,15:30:00,159985.SZ,1.992,7600,¶а,1.965,15139.200,209.000
2025-02-27,15:30:00,513100.SS,1.571,17300,¶а,1.622,27178.300,-880.570
2025-02-28,15:30:00,518880.SS,6.444,1800,¶а,5.081,11599.200,2454.120
2025-02-28,15:30:00,159985.SZ,1.988,7600,¶а,1.965,15108.800,178.600
2025-02-28,15:30:00,513100.SS,1.511,17300,¶а,1.622,26140.300,-1918.570
2025-03-03,15:30:00,518880.SS,6.451,0,¶а,0.000,0.000,0.000
2025-03-03,15:30:00,159985.SZ,2.040,0,¶а,0.000,0.000,0.000
2025-03-03,15:30:00,513100.SS,1.542,0,¶а,0.000,0.000,0.000
2025-03-03,15:30:00,512720.SS,1.166,45600,¶а,1.168,53169.600,-95.760
2025-03-04,15:30:00,512720.SS,1.182,45600,¶а,1.168,53899.200,633.840
2025-03-05,15:30:00,512720.SS,1.199,45600,¶а,1.168,54674.400,1409.040
2025-03-06,15:30:00,512720.SS,1.261,45600,¶а,1.168,57501.600,4236.240
2025-03-07,15:30:00,512720.SS,1.241,45600,¶а,1.168,56589.600,3324.240
2025-03-10,15:30:00,512720.SS,1.217,45600,¶а,1.168,55495.200,2229.840
2025-03-11,15:30:00,512720.SS,1.213,45600,¶а,1.168,55312.800,2047.440
2025-03-12,15:30:00,512720.SS,1.221,45600,¶а,1.168,55677.600,2412.240
2025-03-13,15:30:00,512720.SS,1.193,45600,¶а,1.168,54400.800,1135.440
2025-03-14,15:30:00,512720.SS,1.219,45600,¶а,1.168,55586.400,2321.040
2025-03-17,15:30:00,512720.SS,1.214,45600,¶а,1.168,55358.400,2093.040
2025-03-18,15:30:00,512720.SS,1.221,45600,¶а,1.168,55677.600,2412.240
2025-03-19,15:30:00,512720.SS,1.198,45600,¶а,1.168,54628.800,1363.440
2025-03-20,15:30:00,512720.SS,1.178,45600,¶а,1.168,53716.800,451.440
2025-03-21,15:30:00,512720.SS,1.140,45600,¶а,1.168,51984.000,-1281.360
2025-03-24,15:30:00,512720.SS,1.132,45600,¶а,1.168,51619.200,-1646.160
2025-03-25,15:30:00,512720.SS,1.109,45600,¶а,1.168,50570.400,-2694.960
2025-03-26,15:30:00,512720.SS,1.108,45600,¶а,1.168,50524.800,-2740.560
2025-03-27,15:30:00,512720.SS,1.109,45600,¶а,1.168,50570.400,-2694.960
2025-03-28,15:30:00,512720.SS,1.105,45600,¶а,1.168,50388.000,-2877.360
2025-03-31,15:30:00,512720.SS,1.100,45600,¶а,1.168,50160.000,-3105.360
2025-04-01,15:30:00,512720.SS,1.089,0,¶а,0.000,0.000,0.000
2025-04-01,15:30:00,159992.SZ,0.771,12300,¶а,0.743,9483.300,340.710
2025-04-01,15:30:00,510150.SS,0.536,77200,¶а,0.533,41379.200,231.600
2025-04-02,15:30:00,159992.SZ,0.764,12300,¶а,0.743,9397.200,254.610
2025-04-02,15:30:00,510150.SS,0.533,77200,¶а,0.533,41147.600,0.000
2025-04-03,15:30:00,159992.SZ,0.762,12300,¶а,0.743,9372.600,230.010
2025-04-03,15:30:00,510150.SS,0.531,77200,¶а,0.533,40993.200,-154.400
2025-04-07,15:30:00,159992.SZ,0.686,12300,¶а,0.743,8437.800,-704.790
2025-04-07,15:30:00,510150.SS,0.498,77200,¶а,0.533,38445.600,-2702.000
2025-04-08,15:30:00,159992.SZ,0.695,12300,¶а,0.743,8548.500,-594.090
2025-04-08,15:30:00,510150.SS,0.508,77200,¶а,0.533,39217.600,-1930.000
2025-04-09,15:30:00,159992.SZ,0.688,12300,¶а,0.743,8462.400,-680.190
2025-04-09,15:30:00,510150.SS,0.511,77200,¶а,0.533,39449.200,-1698.400
2025-04-10,15:30:00,159992.SZ,0.706,12300,¶а,0.743,8683.800,-458.790
2025-04-10,15:30:00,510150.SS,0.520,77200,¶а,0.533,40144.000,-1003.600
2025-04-11,15:30:00,159992.SZ,0.712,12300,¶а,0.743,8757.600,-384.990
2025-04-11,15:30:00,510150.SS,0.519,77200,¶а,0.533,40066.800,-1080.800
2025-04-14,15:30:00,159992.SZ,0.721,12300,¶а,0.743,8868.300,-274.290
2025-04-14,15:30:00,510150.SS,0.519,77200,¶а,0.533,40066.800,-1080.800
2025-04-15,15:30:00,159992.SZ,0.717,12300,¶а,0.743,8819.100,-323.490
2025-04-15,15:30:00,510150.SS,0.518,77200,¶а,0.533,39989.600,-1158.000
2025-04-16,15:30:00,159992.SZ,0.711,12300,¶а,0.743,8745.300,-397.290
2025-04-16,15:30:00,510150.SS,0.519,77200,¶а,0.533,40066.800,-1080.800
2025-04-17,15:30:00,159992.SZ,0.708,12300,¶а,0.743,8708.400,-434.190
2025-04-17,15:30:00,510150.SS,0.518,77200,¶а,0.533,39989.600,-1158.000
2025-04-18,15:30:00,159992.SZ,0.708,12300,¶а,0.743,8708.400,-434.190
2025-04-18,15:30:00,510150.SS,0.515,77200,¶а,0.533,39758.000,-1389.600
2025-04-21,15:30:00,159992.SZ,0.719,12300,¶а,0.743,8843.700,-298.890
2025-04-21,15:30:00,510150.SS,0.516,77200,¶а,0.533,39835.200,-1312.400
2025-04-22,15:30:00,159992.SZ,0.729,12300,¶а,0.743,8966.700,-175.890
2025-04-22,15:30:00,510150.SS,0.519,77200,¶а,0.533,40066.800,-1080.800
2025-04-23,15:30:00,159992.SZ,0.722,12300,¶а,0.743,8880.600,-261.990
2025-04-23,15:30:00,510150.SS,0.520,77200,¶а,0.533,40144.000,-1003.600
2025-04-24,15:30:00,159992.SZ,0.728,12300,¶а,0.743,8954.400,-188.190
2025-04-24,15:30:00,510150.SS,0.519,77200,¶а,0.533,40066.800,-1080.800
2025-04-25,15:30:00,159992.SZ,0.722,12300,¶а,0.743,8880.600,-261.990
2025-04-25,15:30:00,510150.SS,0.519,77200,¶а,0.533,40066.800,-1080.800
2025-04-28,15:30:00,159992.SZ,0.722,12300,¶а,0.743,8880.600,-261.990
2025-04-28,15:30:00,510150.SS,0.517,77200,¶а,0.533,39912.400,-1235.200
2025-04-29,15:30:00,159992.SZ,0.726,12300,¶а,0.743,8929.800,-212.790
2025-04-29,15:30:00,510150.SS,0.518,77200,¶а,0.533,39989.600,-1158.000
2025-04-30,15:30:00,159992.SZ,0.733,12300,¶а,0.743,9015.900,-126.690
2025-04-30,15:30:00,510150.SS,0.524,77200,¶а,0.533,40452.800,-694.800
2025-05-06,15:30:00,159992.SZ,0.739,0,¶а,0.000,0.000,0.000
2025-05-06,15:30:00,510150.SS,0.527,0,¶а,0.000,0.000,0.000
2025-05-06,15:30:00,518880.SS,7.612,1900,¶а,7.613,14462.800,-1.330
2025-05-06,15:30:00,159985.SZ,1.917,17900,¶а,1.914,34314.300,46.540
2025-05-07,15:30:00,518880.SS,7.671,1900,¶а,7.613,14574.900,110.770
2025-05-07,15:30:00,159985.SZ,1.918,17900,¶а,1.914,34332.200,64.440
2025-05-08,15:30:00,518880.SS,7.557,1900,¶а,7.613,14358.300,-105.830
2025-05-08,15:30:00,159985.SZ,1.917,17900,¶а,1.914,34314.300,46.540
2025-05-09,15:30:00,518880.SS,7.531,1900,¶а,7.613,14308.900,-155.230
2025-05-09,15:30:00,159985.SZ,1.914,17900,¶а,1.914,34260.600,-7.160
2025-05-12,15:30:00,518880.SS,7.376,1900,¶а,7.613,14014.400,-449.730
2025-05-12,15:30:00,159985.SZ,1.909,17900,¶а,1.914,34171.100,-96.660
2025-05-13,15:30:00,518880.SS,7.332,1900,¶а,7.613,13930.800,-533.330
2025-05-13,15:30:00,159985.SZ,1.905,17900,¶а,1.914,34099.500,-168.260
2025-05-14,15:30:00,518880.SS,7.277,1900,¶а,7.613,13826.300,-637.830
2025-05-14,15:30:00,159985.SZ,1.914,17900,¶а,1.914,34260.600,-7.160
2025-05-15,15:30:00,518880.SS,7.062,1900,¶а,7.613,13417.800,-1046.330
2025-05-15,15:30:00,159985.SZ,1.913,17900,¶а,1.914,34242.700,-25.060
2025-05-16,15:30:00,518880.SS,7.177,1900,¶а,7.613,13636.300,-827.830
2025-05-16,15:30:00,159985.SZ,1.905,17900,¶а,1.914,34099.500,-168.260
2025-05-19,15:30:00,518880.SS,7.222,1900,¶а,7.613,13721.800,-742.330
2025-05-19,15:30:00,159985.SZ,1.898,17900,¶а,1.914,33974.200,-293.560
2025-05-20,15:30:00,518880.SS,7.209,1900,¶а,7.613,13697.100,-767.030
2025-05-20,15:30:00,159985.SZ,1.898,17900,¶а,1.914,33974.200,-293.560
2025-05-21,15:30:00,518880.SS,7.439,1900,¶а,7.613,14134.100,-330.030
2025-05-21,15:30:00,159985.SZ,1.931,17900,¶а,1.914,34564.900,297.140
2025-05-22,15:30:00,518880.SS,7.450,1900,¶а,7.613,14155.000,-309.130
2025-05-22,15:30:00,159985.SZ,1.928,17900,¶а,1.914,34511.200,243.440
2025-05-23,15:30:00,518880.SS,7.454,1900,¶а,7.613,14162.600,-301.530
2025-05-23,15:30:00,159985.SZ,1.921,17900,¶а,1.914,34385.900,118.140
2025-05-26,15:30:00,518880.SS,7.425,1900,¶а,7.613,14107.500,-356.630
2025-05-26,15:30:00,159985.SZ,1.915,17900,¶а,1.914,34278.500,10.740
2025-05-27,15:30:00,518880.SS,7.366,1900,¶а,7.613,13995.400,-468.730
2025-05-27,15:30:00,159985.SZ,1.929,17900,¶а,1.914,34529.100,261.340
2025-05-28,15:30:00,518880.SS,7.375,1900,¶а,7.613,14012.500,-451.630
2025-05-28,15:30:00,159985.SZ,1.922,17900,¶а,1.914,34403.800,136.040
2025-05-29,15:30:00,518880.SS,7.300,1900,¶а,7.613,13870.000,-594.130
2025-05-29,15:30:00,159985.SZ,1.922,17900,¶а,1.914,34403.800,136.040
2025-05-30,15:30:00,518880.SS,7.369,1900,¶а,7.613,14001.100,-463.030
2025-05-30,15:30:00,159985.SZ,1.926,17900,¶а,1.914,34475.400,207.640
2025-06-03,15:30:00,518880.SS,7.478,0,¶а,0.000,0.000,0.000
2025-06-03,15:30:00,159985.SZ,1.912,0,¶а,0.000,0.000,0.000
2025-06-03,15:30:00,515880.SS,1.230,33000,¶а,1.236,40590.000,-204.600
2025-06-03,15:30:00,159992.SZ,0.799,10500,¶а,0.792,8389.500,69.300
2025-06-04,15:30:00,515880.SS,1.256,33000,¶а,1.236,41448.000,653.400
2025-06-04,15:30:00,159992.SZ,0.811,10500,¶а,0.792,8515.500,195.300
2025-06-05,15:30:00,515880.SS,1.296,33000,¶а,1.236,42768.000,1973.400
2025-06-05,15:30:00,159992.SZ,0.800,10500,¶а,0.792,8400.000,79.800
2025-06-06,15:30:00,515880.SS,1.305,33000,¶а,1.236,43065.000,2270.400
2025-06-06,15:30:00,159992.SZ,0.795,10500,¶а,0.792,8347.500,27.300
2025-06-09,15:30:00,515880.SS,1.328,33000,¶а,1.236,43824.000,3029.400
2025-06-09,15:30:00,159992.SZ,0.815,10500,¶а,0.792,8557.500,237.300
2025-06-10,15:30:00,515880.SS,1.309,33000,¶а,1.236,43197.000,2402.400
2025-06-10,15:30:00,159992.SZ,0.821,10500,¶а,0.792,8620.500,300.300
2025-06-11,15:30:00,515880.SS,1.307,33000,¶а,1.236,43131.000,2336.400
2025-06-11,15:30:00,159992.SZ,0.814,10500,¶а,0.792,8547.000,226.800
2025-06-12,15:30:00,515880.SS,1.334,33000,¶а,1.236,44022.000,3227.400
2025-06-12,15:30:00,159992.SZ,0.837,10500,¶а,0.792,8788.500,468.300
2025-06-13,15:30:00,515880.SS,1.322,33000,¶а,1.236,43626.000,2831.400
2025-06-13,15:30:00,159992.SZ,0.818,10500,¶а,0.792,8589.000,268.800
2025-06-16,15:30:00,515880.SS,1.353,33000,¶а,1.236,44649.000,3854.400
2025-06-16,15:30:00,159992.SZ,0.816,10500,¶а,0.792,8568.000,247.800
2025-06-17,15:30:00,515880.SS,1.344,33000,¶а,1.236,44352.000,3557.400
2025-06-17,15:30:00,159992.SZ,0.792,10500,¶а,0.792,8316.000,-4.200
2025-06-18,15:30:00,515880.SS,1.372,33000,¶а,1.236,45276.000,4481.400
2025-06-18,15:30:00,159992.SZ,0.788,10500,¶а,0.792,8274.000,-46.200
2025-06-19,15:30:00,515880.SS,1.363,33000,¶а,1.236,44979.000,4184.400
2025-06-19,15:30:00,159992.SZ,0.775,10500,¶а,0.792,8137.500,-182.700
2025-06-20,15:30:00,515880.SS,1.342,33000,¶а,1.236,44286.000,3491.400
2025-06-20,15:30:00,159992.SZ,0.775,10500,¶а,0.792,8137.500,-182.700
2025-06-23,15:30:00,515880.SS,1.338,33000,¶а,1.236,44154.000,3359.400
2025-06-23,15:30:00,159992.SZ,0.782,10500,¶а,0.792,8211.000,-109.200
2025-06-24,15:30:00,515880.SS,1.357,33000,¶а,1.236,44781.000,3986.400
2025-06-24,15:30:00,159992.SZ,0.791,10500,¶а,0.792,8305.500,-14.700
2025-06-25,15:30:00,515880.SS,1.377,33000,¶а,1.236,45441.000,4646.400
2025-06-25,15:30:00,159992.SZ,0.794,10500,¶а,0.792,8337.000,16.800
2025-06-26,15:30:00,515880.SS,1.388,33000,¶а,1.236,45804.000,5009.400
2025-06-26,15:30:00,159992.SZ,0.781,10500,¶а,0.792,8200.500,-119.700
2025-06-27,15:30:00,515880.SS,1.423,33000,¶а,1.236,46959.000,6164.400
2025-06-27,15:30:00,159992.SZ,0.782,10500,¶а,0.792,8211.000,-109.200
2025-06-30,15:30:00,515880.SS,1.454,33000,¶а,1.236,47982.000,7187.400
2025-06-30,15:30:00,159992.SZ,0.792,10500,¶а,0.792,8316.000,-4.200
2025-07-01,15:30:00,515880.SS,1.450,33000,¶а,1.236,47850.000,7055.400
2025-07-01,15:30:00,159992.SZ,0.809,10500,¶а,0.792,8494.500,174.300
2025-07-02,15:30:00,515880.SS,1.416,33000,¶а,1.236,46728.000,5933.400
2025-07-02,15:30:00,159992.SZ,0.796,10500,¶а,0.792,8358.000,37.800
2025-07-03,15:30:00,515880.SS,1.454,33000,¶а,1.236,47982.000,7187.400
2025-07-03,15:30:00,159992.SZ,0.813,10500,¶а,0.792,8536.500,216.300
2025-07-04,15:30:00,515880.SS,1.434,33000,¶а,1.236,47322.000,6527.400
2025-07-04,15:30:00,159992.SZ,0.819,10500,¶а,0.792,8599.500,279.300
2025-07-07,15:30:00,515880.SS,1.420,33000,¶а,1.236,46860.000,6065.400
2025-07-07,15:30:00,159992.SZ,0.802,10500,¶а,0.792,8421.000,100.800
2025-07-08,15:30:00,515880.SS,1.486,33000,¶а,1.236,49038.000,8243.400
2025-07-08,15:30:00,159992.SZ,0.804,10500,¶а,0.792,8442.000,121.800
2025-07-09,15:30:00,515880.SS,1.488,33000,¶а,1.236,49104.000,8309.400
2025-07-09,15:30:00,159992.SZ,0.809,10500,¶а,0.792,8494.500,174.300
2025-07-10,15:30:00,515880.SS,1.489,33000,¶а,1.236,49137.000,8342.400
2025-07-10,15:30:00,159992.SZ,0.814,10500,¶а,0.792,8547.000,226.800
2025-07-11,15:30:00,515880.SS,1.481,33000,¶а,1.236,48873.000,8078.400
2025-07-11,15:30:00,159992.SZ,0.828,10500,¶а,0.792,8694.000,373.800
2025-07-14,15:30:00,515880.SS,1.483,33000,¶а,1.236,48939.000,8144.400
2025-07-14,15:30:00,159992.SZ,0.834,10500,¶а,0.792,8757.000,436.800
2025-07-15,15:30:00,515880.SS,1.574,33000,¶а,1.236,51942.000,11147.400
2025-07-15,15:30:00,159992.SZ,0.842,10500,¶а,0.792,8841.000,520.800
2025-07-16,15:30:00,515880.SS,1.569,33000,¶а,1.236,51777.000,10982.400
2025-07-16,15:30:00,159992.SZ,0.850,10500,¶а,0.792,8925.000,604.800
2025-07-17,15:30:00,515880.SS,1.630,33000,¶а,1.236,53790.000,12995.400
2025-07-17,15:30:00,159992.SZ,0.870,10500,¶а,0.792,9135.000,814.800
2025-07-18,15:30:00,515880.SS,1.627,33000,¶а,1.236,53691.000,12896.400
2025-07-18,15:30:00,159992.SZ,0.879,10500,¶а,0.792,9229.500,909.300
2025-07-21,15:30:00,515880.SS,1.633,33000,¶а,1.236,53889.000,13094.400
2025-07-21,15:30:00,159992.SZ,0.872,10500,¶а,0.792,9156.000,835.800
2025-07-22,15:30:00,515880.SS,1.625,33000,¶а,1.236,53625.000,12830.400
2025-07-22,15:30:00,159992.SZ,0.874,10500,¶а,0.792,9177.000,856.800
2025-07-23,15:30:00,515880.SS,1.621,33000,¶а,1.236,53493.000,12698.400
2025-07-23,15:30:00,159992.SZ,0.871,10500,¶а,0.792,9145.500,825.300
2025-07-24,15:30:00,515880.SS,1.630,33000,¶а,1.236,53790.000,12995.400
2025-07-24,15:30:00,159992.SZ,0.895,10500,¶а,0.792,9397.500,1077.300
2025-07-25,15:30:00,515880.SS,1.631,33000,¶а,1.236,53823.000,13028.400
2025-07-25,15:30:00,159992.SZ,0.889,10500,¶а,0.792,9334.500,1014.300
2025-07-28,15:30:00,515880.SS,1.664,33000,¶а,1.236,54912.000,14117.400
2025-07-28,15:30:00,159992.SZ,0.912,10500,¶а,0.792,9576.000,1255.800
2025-07-29,15:30:00,515880.SS,1.734,33000,¶а,1.236,57222.000,16427.400
2025-07-29,15:30:00,159992.SZ,0.939,10500,¶а,0.792,9859.500,1539.300
2025-07-30,15:30:00,515880.SS,1.740,33000,¶а,1.236,57420.000,16625.400
2025-07-30,15:30:00,159992.SZ,0.933,10500,¶а,0.792,9796.500,1476.300
2025-07-31,15:30:00,515880.SS,1.750,33000,¶а,1.236,57750.000,16955.400
2025-07-31,15:30:00,159992.SZ,0.923,10500,¶а,0.792,9691.500,1371.300
2025-08-01,15:30:00,515880.SS,1.723,33000,¶а,1.236,56859.000,16064.400
2025-08-01,15:30:00,159992.SZ,0.915,10500,¶а,0.792,9607.500,1287.300
2025-08-04,15:30:00,515880.SS,1.734,33000,¶а,1.236,57222.000,16427.400
2025-08-04,15:30:00,159992.SZ,0.915,10500,¶а,0.792,9607.500,1287.300
2025-08-05,15:30:00,515880.SS,1.765,33000,¶а,1.236,58245.000,17450.400
2025-08-05,15:30:00,159992.SZ,0.924,10500,¶а,0.792,9702.000,1381.800
2025-08-06,15:30:00,515880.SS,1.768,33000,¶а,1.236,58344.000,17549.400
2025-08-06,15:30:00,159992.SZ,0.922,10500,¶а,0.792,9681.000,1360.800
2025-08-07,15:30:00,515880.SS,1.762,33000,¶а,1.236,58146.000,17351.400
2025-08-07,15:30:00,159992.SZ,0.903,10500,¶а,0.792,9481.500,1161.300
2025-08-08,15:30:00,515880.SS,1.764,33000,¶а,1.236,58212.000,17417.400
2025-08-08,15:30:00,159992.SZ,0.902,10500,¶а,0.792,9471.000,1150.800
2025-08-11,15:30:00,515880.SS,1.801,33000,¶а,1.236,59433.000,18638.400
2025-08-11,15:30:00,159992.SZ,0.911,10500,¶а,0.792,9565.500,1245.300
2025-08-12,15:30:00,515880.SS,1.861,33000,¶а,1.236,61413.000,20618.400
2025-08-12,15:30:00,159992.SZ,0.907,10500,¶а,0.792,9523.500,1203.300
2025-08-13,15:30:00,515880.SS,1.981,33000,¶а,1.236,65373.000,24578.400
2025-08-13,15:30:00,159992.SZ,0.934,10500,¶а,0.792,9807.000,1486.800
2025-08-14,15:30:00,515880.SS,1.930,33000,¶а,1.236,63690.000,22895.400
2025-08-14,15:30:00,159992.SZ,0.927,10500,¶а,0.792,9733.500,1413.300
2025-08-15,15:30:00,515880.SS,1.949,33000,¶а,1.236,64317.000,23522.400
2025-08-15,15:30:00,159992.SZ,0.936,10500,¶а,0.792,9828.000,1507.800
2025-08-18,15:30:00,515880.SS,2.032,33000,¶а,1.236,67056.000,26261.400
2025-08-18,15:30:00,159992.SZ,0.943,10500,¶а,0.792,9901.500,1581.300
2025-08-19,15:30:00,515880.SS,2.114,33000,¶а,1.236,69762.000,28967.400
2025-08-19,15:30:00,159992.SZ,0.928,10500,¶а,0.792,9744.000,1423.800
2025-08-20,15:30:00,515880.SS,2.120,33000,¶а,1.236,69960.000,29165.400
2025-08-20,15:30:00,159992.SZ,0.930,10500,¶а,0.792,9765.000,1444.800
2025-08-21,15:30:00,515880.SS,2.098,33000,¶а,1.236,69234.000,28439.400
2025-08-21,15:30:00,159992.SZ,0.933,10500,¶а,0.792,9796.500,1476.300
2025-08-22,15:30:00,515880.SS,2.180,33000,¶а,1.236,71940.000,31145.400
2025-08-22,15:30:00,159992.SZ,0.942,10500,¶а,0.792,9891.000,1570.800
2025-08-25,15:30:00,515880.SS,2.327,33000,¶а,1.236,76791.000,35996.400
2025-08-25,15:30:00,159992.SZ,0.968,10500,¶а,0.792,10164.000,1843.800
2025-08-26,15:30:00,515880.SS,2.278,33000,¶а,1.236,75174.000,34379.400
2025-08-26,15:30:00,159992.SZ,0.954,10500,¶а,0.792,10017.000,1696.800
2025-08-27,15:30:00,515880.SS,2.337,33000,¶а,1.236,77121.000,36326.400
2025-08-27,15:30:00,159992.SZ,0.928,10500,¶а,0.792,9744.000,1423.800
2025-08-28,15:30:00,515880.SS,2.555,33000,¶а,1.236,84315.000,43520.400
2025-08-28,15:30:00,159992.SZ,0.927,10500,¶а,0.792,9733.500,1413.300
2025-08-29,15:30:00,515880.SS,2.553,33000,¶а,1.236,84249.000,43454.400
2025-08-29,15:30:00,159992.SZ,0.953,10500,¶а,0.792,10006.500,1686.300
2025-09-01,15:30:00,515880.SS,2.704,2300,¶а,-17.145,6219.200,45651.780
2025-09-01,15:30:00,159992.SZ,0.999,0,¶а,0.000,0.000,0.000
2025-09-01,15:30:00,512720.SS,1.299,68500,¶а,1.316,88981.500,-1191.900
2025-09-02,15:30:00,515880.SS,2.548,2300,¶а,-17.145,5860.400,45292.980
2025-09-02,15:30:00,512720.SS,1.245,68500,¶а,1.316,85282.500,-4890.900
2025-09-03,15:30:00,515880.SS,2.600,2300,¶а,-17.145,5980.000,45412.580
2025-09-03,15:30:00,512720.SS,1.214,68500,¶а,1.316,83159.000,-7014.400
2025-09-04,15:30:00,515880.SS,2.357,2300,¶а,-17.145,5421.100,44853.680
2025-09-04,15:30:00,512720.SS,1.166,68500,¶а,1.316,79871.000,-10302.400
2025-09-05,15:30:00,515880.SS,2.518,2300,¶а,-17.145,5791.400,45223.980
2025-09-05,15:30:00,512720.SS,1.196,68500,¶а,1.316,81926.000,-8247.400
2025-09-08,15:30:00,515880.SS,2.394,2300,¶а,-17.145,5506.200,44938.780
2025-09-08,15:30:00,512720.SS,1.210,68500,¶а,1.316,82885.000,-7288.400
2025-09-09,15:30:00,515880.SS,2.346,2300,¶а,-17.145,5395.800,44828.380
2025-09-09,15:30:00,512720.SS,1.181,68500,¶а,1.316,80898.500,-9274.900
2025-09-10,15:30:00,515880.SS,2.452,2300,¶а,-17.145,5639.600,45072.180
2025-09-10,15:30:00,512720.SS,1.191,68500,¶а,1.316,81583.500,-8589.900
2025-09-11,15:30:00,515880.SS,2.697,2300,¶а,-17.145,6203.100,45635.680
2025-09-11,15:30:00,512720.SS,1.249,68500,¶а,1.316,85556.500,-4616.900
2025-09-12,15:30:00,515880.SS,2.623,2300,¶а,-17.145,6032.900,45465.480
2025-09-12,15:30:00,512720.SS,1.252,68500,¶а,1.316,85762.000,-4411.400
2025-09-15,15:30:00,515880.SS,2.577,2300,¶а,-17.145,5927.100,45359.680
2025-09-15,15:30:00,512720.SS,1.251,68500,¶а,1.316,85693.500,-4479.900
2025-09-16,15:30:00,515880.SS,2.596,2300,¶а,-17.145,5970.800,45403.380
2025-09-16,15:30:00,512720.SS,1.284,68500,¶а,1.316,87954.000,-2219.400
2025-09-17,15:30:00,515880.SS,2.605,2300,¶а,-17.145,5991.500,45424.080
2025-09-17,15:30:00,512720.SS,1.290,68500,¶а,1.316,88365.000,-1808.400
2025-09-18,15:30:00,515880.SS,2.655,2300,¶а,-17.145,6106.500,45539.080
2025-09-18,15:30:00,512720.SS,1.278,68500,¶а,1.316,87543.000,-2630.400
2025-09-19,15:30:00,515880.SS,2.681,2300,¶а,-17.145,6166.300,45598.880
2025-09-19,15:30:00,512720.SS,1.266,68500,¶а,1.316,86721.000,-3452.400
2025-09-22,15:30:00,515880.SS,2.712,2300,¶а,-17.145,6237.600,45670.180
2025-09-22,15:30:00,512720.SS,1.302,68500,¶а,1.316,89187.000,-986.400
2025-09-23,15:30:00,515880.SS,2.734,2300,¶а,-17.145,6288.200,45720.780
2025-09-23,15:30:00,512720.SS,1.270,68500,¶а,1.316,86995.000,-3178.400
2025-09-24,15:30:00,515880.SS,2.716,2300,¶а,-17.145,6246.800,45679.380
2025-09-24,15:30:00,512720.SS,1.310,68500,¶а,1.316,89735.000,-438.400
2025-09-25,15:30:00,515880.SS,2.779,2300,¶а,-17.145,6391.700,45824.280
2025-09-25,15:30:00,512720.SS,1.342,68500,¶а,1.316,91927.000,1753.600
2025-09-26,15:30:00,515880.SS,2.695,2300,¶а,-17.145,6198.500,45631.080
2025-09-26,15:30:00,512720.SS,1.296,68500,¶а,1.316,88776.000,-1397.400
2025-09-29,15:30:00,515880.SS,2.732,2300,¶а,-17.145,6283.600,45716.180
2025-09-29,15:30:00,512720.SS,1.314,68500,¶а,1.316,90009.000,-164.400
2025-09-30,15:30:00,515880.SS,2.676,2300,¶а,-17.145,6154.800,45587.380
2025-09-30,15:30:00,512720.SS,1.331,68500,¶а,1.316,91173.500,1000.100
2025-10-09,15:30:00,515880.SS,2.700,13600,¶а,-0.640,36720.000,45418.560
2025-10-09,15:30:00,512720.SS,1.374,0,¶а,0.000,0.000,0.000
2025-10-09,15:30:00,159915.SZ,3.235,18800,¶а,3.236,60818.000,-15.040
2025-10-10,15:30:00,515880.SS,2.644,13600,¶а,-0.640,35958.400,44656.960
2025-10-10,15:30:00,159915.SZ,3.095,18800,¶а,3.236,58186.000,-2647.040
2025-10-13,15:30:00,515880.SS,2.599,13600,¶а,-0.640,35346.400,44044.960
2025-10-13,15:30:00,159915.SZ,3.054,18800,¶а,3.236,57415.200,-3417.840
2025-10-14,15:30:00,515880.SS,2.437,13600,¶а,-0.640,33143.200,41841.760
2025-10-14,15:30:00,159915.SZ,2.934,18800,¶а,3.236,55159.200,-5673.840
2025-10-15,15:30:00,515880.SS,2.502,13600,¶а,-0.640,34027.200,42725.760
2025-10-15,15:30:00,159915.SZ,3.003,18800,¶а,3.236,56456.400,-4376.640
2025-10-16,15:30:00,515880.SS,2.522,13600,¶а,-0.640,34299.200,42997.760
2025-10-16,15:30:00,159915.SZ,3.014,18800,¶а,3.236,56663.200,-4169.840
2025-10-17,15:30:00,515880.SS,2.446,13600,¶а,-0.640,33265.600,41964.160
2025-10-17,15:30:00,159915.SZ,2.915,18800,¶а,3.236,54802.000,-6031.040
2025-10-20,15:30:00,515880.SS,2.529,13600,¶а,-0.640,34394.400,43092.960
2025-10-20,15:30:00,159915.SZ,2.971,18800,¶а,3.236,55854.800,-4978.240
2025-10-21,15:30:00,515880.SS,2.700,13600,¶а,-0.640,36720.000,45418.560
2025-10-21,15:30:00,159915.SZ,3.062,18800,¶а,3.236,57565.600,-3267.440
2025-10-22,15:30:00,515880.SS,2.675,13600,¶а,-0.640,36380.000,45078.560
2025-10-22,15:30:00,159915.SZ,3.039,18800,¶а,3.236,57133.200,-3699.840
2025-10-23,15:30:00,515880.SS,2.626,13600,¶а,-0.640,35713.600,44412.160
2025-10-23,15:30:00,159915.SZ,3.038,18800,¶а,3.236,57114.400,-3718.640
2025-10-24,15:30:00,515880.SS,2.778,13600,¶а,-0.640,37780.800,46479.360
2025-10-24,15:30:00,159915.SZ,3.147,18800,¶а,3.236,59163.600,-1669.440
2025-10-27,15:30:00,515880.SS,2.913,13600,¶а,-0.640,39616.800,48315.360
2025-10-27,15:30:00,159915.SZ,3.209,18800,¶а,3.236,60329.200,-503.840
2025-10-28,15:30:00,515880.SS,2.916,13600,¶а,-0.640,39657.600,48356.160
2025-10-28,15:30:00,159915.SZ,3.205,18800,¶а,3.236,60254.000,-579.040
2025-10-29,15:30:00,515880.SS,2.971,13600,¶а,-0.640,40405.600,49104.160
2025-10-29,15:30:00,159915.SZ,3.300,18800,¶а,3.236,62040.000,1206.960
2025-10-30,15:30:00,515880.SS,2.869,13600,¶а,-0.640,39018.400,47716.960
2025-10-30,15:30:00,159915.SZ,3.239,18800,¶а,3.236,60893.200,60.160
2025-10-31,15:30:00,515880.SS,2.718,13600,¶а,-0.640,36964.800,45663.360
2025-10-31,15:30:00,159915.SZ,3.166,18800,¶а,3.236,59520.800,-1312.240
2025-11-03,15:30:00,515880.SS,2.739,0,¶а,0.000,0.000,0.000
2025-11-03,15:30:00,159915.SZ,3.176,0,¶а,0.000,0.000,0.000
2025-11-03,15:30:00,513100.SS,1.976,12500,¶а,1.992,24700.000,-195.000
2025-11-03,15:30:00,518880.SS,8.797,600,¶а,8.780,5278.200,10.140
2025-11-03,15:30:00,515700.SS,2.480,26100,¶а,2.523,64728.000,-1109.250
2025-11-04,15:30:00,513100.SS,1.940,12500,¶а,1.992,24250.000,-645.000
2025-11-04,15:30:00,518880.SS,8.737,600,¶а,8.780,5242.200,-25.860
2025-11-04,15:30:00,515700.SS,2.408,26100,¶а,2.523,62848.800,-2988.450
2025-11-05,15:30:00,513100.SS,1.912,12500,¶а,1.992,23900.000,-995.000
2025-11-05,15:30:00,518880.SS,8.706,600,¶а,8.780,5223.600,-44.460
2025-11-05,15:30:00,515700.SS,2.450,26100,¶а,2.523,63945.000,-1892.250
2025-11-06,15:30:00,513100.SS,1.949,12500,¶а,1.992,24362.500,-532.500
2025-11-06,15:30:00,518880.SS,8.755,600,¶а,8.780,5253.000,-15.060
2025-11-06,15:30:00,515700.SS,2.501,26100,¶а,2.523,65276.100,-561.150
2025-11-07,15:30:00,513100.SS,1.924,12500,¶а,1.992,24050.000,-845.000
2025-11-07,15:30:00,518880.SS,8.793,600,¶а,8.780,5275.800,7.740
2025-11-07,15:30:00,515700.SS,2.544,26100,¶а,2.523,66398.400,561.150
2025-11-10,15:30:00,513100.SS,1.951,12500,¶а,1.992,24387.500,-507.500
2025-11-10,15:30:00,518880.SS,8.936,600,¶а,8.780,5361.600,93.540
2025-11-10,15:30:00,515700.SS,2.513,26100,¶а,2.523,65589.300,-247.950
2025-11-11,15:30:00,513100.SS,1.959,12500,¶а,1.992,24487.500,-407.500
2025-11-11,15:30:00,518880.SS,9.062,600,¶а,8.780,5437.200,169.140
2025-11-11,15:30:00,515700.SS,2.494,26100,¶а,2.523,65093.400,-743.850
2025-11-12,15:30:00,513100.SS,1.974,12500,¶а,1.992,24675.000,-220.000
2025-11-12,15:30:00,518880.SS,9.029,600,¶а,8.780,5417.400,149.340
2025-11-12,15:30:00,515700.SS,2.463,26100,¶а,2.523,64284.300,-1552.950
2025-11-13,15:30:00,513100.SS,1.975,12500,¶а,1.992,24687.500,-207.500
2025-11-13,15:30:00,518880.SS,9.175,600,¶а,8.780,5505.000,236.940
2025-11-13,15:30:00,515700.SS,2.613,26100,¶а,2.523,68199.300,2362.050
2025-11-14,15:30:00,513100.SS,1.923,12500,¶а,1.992,24037.500,-857.500
2025-11-14,15:30:00,518880.SS,9.096,600,¶а,8.780,5457.600,189.540
2025-11-14,15:30:00,515700.SS,2.563,26100,¶а,2.523,66894.300,1057.050
2025-11-17,15:30:00,513100.SS,1.909,12500,¶а,1.992,23862.500,-1032.500
2025-11-17,15:30:00,518880.SS,8.882,600,¶а,8.780,5329.200,61.140
2025-11-17,15:30:00,515700.SS,2.610,26100,¶а,2.523,68121.000,2283.750
2025-11-18,15:30:00,513100.SS,1.844,12500,¶а,1.992,23050.000,-1845.000
2025-11-18,15:30:00,518880.SS,8.777,600,¶а,8.780,5266.200,-1.860
2025-11-18,15:30:00,515700.SS,2.520,26100,¶а,2.523,65772.000,-65.250
2025-11-19,15:30:00,513100.SS,1.836,12500,¶а,1.992,22950.000,-1945.000
2025-11-19,15:30:00,518880.SS,8.954,600,¶а,8.780,5372.400,104.340
2025-11-19,15:30:00,515700.SS,2.535,26100,¶а,2.523,66163.500,326.250
2025-11-20,15:30:00,513100.SS,1.907,12500,¶а,1.992,23837.500,-1057.500
2025-11-20,15:30:00,518880.SS,8.903,600,¶а,8.780,5341.800,73.740
2025-11-20,15:30:00,515700.SS,2.496,26100,¶а,2.523,65145.600,-691.650
2025-11-21,15:30:00,513100.SS,1.848,12500,¶а,1.992,23100.000,-1795.000
2025-11-21,15:30:00,518880.SS,8.828,600,¶а,8.780,5296.800,28.740
2025-11-21,15:30:00,515700.SS,2.352,26100,¶а,2.523,61387.200,-4450.050
2025-11-24,15:30:00,513100.SS,1.856,12500,¶а,1.992,23200.000,-1695.000
2025-11-24,15:30:00,518880.SS,8.857,600,¶а,8.780,5314.200,46.140
2025-11-24,15:30:00,515700.SS,2.321,26100,¶а,2.523,60578.100,-5259.150
2025-11-25,15:30:00,513100.SS,1.897,12500,¶а,1.992,23712.500,-1182.500
2025-11-25,15:30:00,518880.SS,9.010,600,¶а,8.780,5406.000,137.940
2025-11-25,15:30:00,515700.SS,2.363,26100,¶а,2.523,61674.300,-4162.950
2025-11-26,15:30:00,513100.SS,1.927,12500,¶а,1.992,24087.500,-807.500
2025-11-26,15:30:00,518880.SS,9.011,600,¶а,8.780,5406.600,138.540
2025-11-26,15:30:00,515700.SS,2.360,26100,¶а,2.523,61596.000,-4241.250
2025-11-27,15:30:00,513100.SS,1.925,12500,¶а,1.992,24062.500,-832.500
2025-11-27,15:30:00,518880.SS,9.010,600,¶а,8.780,5406.000,137.940
2025-11-27,15:30:00,515700.SS,2.359,26100,¶а,2.523,61569.900,-4267.350
2025-11-28,15:30:00,513100.SS,1.943,12500,¶а,1.992,24287.500,-607.500
2025-11-28,15:30:00,518880.SS,9.067,600,¶а,8.780,5440.200,172.140
2025-11-28,15:30:00,515700.SS,2.399,26100,¶а,2.523,62613.900,-3223.350
2025-12-01,15:30:00,513100.SS,1.936,0,¶а,0.000,0.000,0.000
2025-12-01,15:30:00,518880.SS,9.161,0,¶а,0.000,0.000,0.000
2025-12-01,15:30:00,515700.SS,2.417,26100,¶а,2.523,63083.700,-2753.550
2025-12-01,15:30:00,159985.SZ,1.973,14800,¶а,2.023,29200.400,-734.080
2025-12-01,15:30:00,515790.SS,0.959,100,¶а,1.008,95.900,-4.900
2025-12-02,15:30:00,515700.SS,2.377,26100,¶а,2.523,62039.700,-3797.550
2025-12-02,15:30:00,159985.SZ,1.969,14800,¶а,2.023,29141.200,-793.280
2025-12-02,15:30:00,515790.SS,0.943,100,¶а,1.008,94.300,-6.500
2025-12-03,15:30:00,515700.SS,2.334,26100,¶а,2.523,60917.400,-4919.850
2025-12-03,15:30:00,159985.SZ,1.969,14800,¶а,2.023,29141.200,-793.280
2025-12-03,15:30:00,515790.SS,0.939,100,¶а,1.008,93.900,-6.900
2025-12-04,15:30:00,515700.SS,2.361,26100,¶а,2.523,61622.100,-4215.150
2025-12-04,15:30:00,159985.SZ,1.964,14800,¶а,2.023,29067.200,-867.280
2025-12-04,15:30:00,515790.SS,0.935,100,¶а,1.008,93.500,-7.300
2025-12-05,15:30:00,515700.SS,2.373,26100,¶а,2.523,61935.300,-3901.950
2025-12-05,15:30:00,159985.SZ,1.956,14800,¶а,2.023,28948.800,-985.680
2025-12-05,15:30:00,515790.SS,0.953,100,¶а,1.008,95.300,-5.500
2025-12-08,15:30:00,515700.SS,2.426,26100,¶а,2.523,63318.600,-2518.650
2025-12-08,15:30:00,159985.SZ,1.951,14800,¶а,2.023,28874.800,-1059.680
2025-12-08,15:30:00,515790.SS,0.966,100,¶а,1.008,96.600,-4.200
2025-12-09,15:30:00,515700.SS,2.393,26100,¶а,2.523,62457.300,-3379.950
2025-12-09,15:30:00,159985.SZ,1.942,14800,¶а,2.023,28741.600,-1192.880
2025-12-09,15:30:00,515790.SS,0.970,100,¶а,1.008,97.000,-3.800
2025-12-10,15:30:00,515700.SS,2.404,26100,¶а,2.523,62744.400,-3092.850
2025-12-10,15:30:00,159985.SZ,1.949,14800,¶а,2.023,28845.200,-1089.280
2025-12-10,15:30:00,515790.SS,0.958,100,¶а,1.008,95.800,-5.000
2025-12-11,15:30:00,515700.SS,2.389,26100,¶а,2.523,62352.900,-3484.350
2025-12-11,15:30:00,159985.SZ,1.942,14800,¶а,2.023,28741.600,-1192.880
2025-12-11,15:30:00,515790.SS,0.947,100,¶а,1.008,94.700,-6.100
2025-12-12,15:30:00,515700.SS,2.379,26100,¶а,2.523,62091.900,-3745.350
2025-12-12,15:30:00,159985.SZ,1.955,14800,¶а,2.023,28934.000,-1000.480
2025-12-12,15:30:00,515790.SS,0.965,100,¶а,1.008,96.500,-4.300
2025-12-15,15:30:00,515700.SS,2.330,26100,¶а,2.523,60813.000,-5024.250
2025-12-15,15:30:00,159985.SZ,1.951,14800,¶а,2.023,28874.800,-1059.680
2025-12-15,15:30:00,515790.SS,0.955,100,¶а,1.008,95.500,-5.300
2025-12-16,15:30:00,515700.SS,2.290,26100,¶а,2.523,59769.000,-6068.250
2025-12-16,15:30:00,159985.SZ,1.960,14800,¶а,2.023,29008.000,-926.480
2025-12-16,15:30:00,515790.SS,0.927,100,¶а,1.008,92.700,-8.100
2025-12-17,15:30:00,515700.SS,2.366,26100,¶а,2.523,61752.600,-4084.650
2025-12-17,15:30:00,159985.SZ,1.946,14800,¶а,2.023,28800.800,-1133.680
2025-12-17,15:30:00,515790.SS,0.946,100,¶а,1.008,94.600,-6.200
2025-12-18,15:30:00,515700.SS,2.324,26100,¶а,2.523,60656.400,-5180.850
2025-12-18,15:30:00,159985.SZ,1.942,14800,¶а,2.023,28741.600,-1192.880
2025-12-18,15:30:00,515790.SS,0.929,100,¶а,1.008,92.900,-7.900
2025-12-19,15:30:00,515700.SS,2.347,26100,¶а,2.523,61256.700,-4580.550
2025-12-19,15:30:00,159985.SZ,1.948,14800,¶а,2.023,28830.400,-1104.080
2025-12-19,15:30:00,515790.SS,0.938,100,¶а,1.008,93.800,-7.000
2025-12-22,15:30:00,515700.SS,2.385,26100,¶а,2.523,62248.500,-3588.750
2025-12-22,15:30:00,159985.SZ,1.946,14800,¶а,2.023,28800.800,-1133.680
2025-12-22,15:30:00,515790.SS,0.946,100,¶а,1.008,94.600,-6.200
2025-12-23,15:30:00,515700.SS,2.433,26100,¶а,2.523,63501.300,-2335.950
2025-12-23,15:30:00,159985.SZ,1.950,14800,¶а,2.023,28860.000,-1074.480
2025-12-23,15:30:00,515790.SS,0.950,100,¶а,1.008,95.000,-5.800
2025-12-24,15:30:00,515700.SS,2.449,26100,¶а,2.523,63918.900,-1918.350
2025-12-24,15:30:00,159985.SZ,1.956,14800,¶а,2.023,28948.800,-985.680
2025-12-24,15:30:00,515790.SS,0.964,100,¶а,1.008,96.400,-4.400
2025-12-25,15:30:00,515700.SS,2.457,26100,¶а,2.523,64127.700,-1709.550
2025-12-25,15:30:00,159985.SZ,1.957,14800,¶а,2.023,28963.600,-970.880
2025-12-25,15:30:00,515790.SS,0.970,100,¶а,1.008,97.000,-3.800
2025-12-26,15:30:00,515700.SS,2.517,26100,¶а,2.523,65693.700,-143.550
2025-12-26,15:30:00,159985.SZ,1.974,14800,¶а,2.023,29215.200,-719.280
2025-12-26,15:30:00,515790.SS,0.988,100,¶а,1.008,98.800,-2.000
2025-12-29,15:30:00,515700.SS,2.470,26100,¶а,2.523,64467.000,-1370.250
2025-12-29,15:30:00,159985.SZ,1.976,14800,¶а,2.023,29244.800,-689.680
2025-12-29,15:30:00,515790.SS,0.984,100,¶а,1.008,98.400,-2.400
2025-12-30,15:30:00,515700.SS,2.512,26100,¶а,2.523,65563.200,-274.050
2025-12-30,15:30:00,159985.SZ,1.964,14800,¶а,2.023,29067.200,-867.280
2025-12-30,15:30:00,515790.SS,0.972,100,¶а,1.008,97.200,-3.600
2025-12-31,15:30:00,515700.SS,2.500,26100,¶а,2.523,65250.000,-587.250
2025-12-31,15:30:00,159985.SZ,1.949,14800,¶а,2.023,28845.200,-1089.280
2025-12-31,15:30:00,515790.SS,0.962,100,¶а,1.008,96.200,-4.600
2026-01-05,15:30:00,515700.SS,2.558,0,¶а,0.000,0.000,0.000
2026-01-05,15:30:00,159985.SZ,1.956,0,¶а,0.000,0.000,0.000
2026-01-05,15:30:00,515790.SS,0.978,0,¶а,0.000,0.000,0.000
2026-01-05,15:30:00,512660.SS,1.407,12400,¶а,1.394,17446.800,167.400
2026-01-05,15:30:00,518880.SS,9.495,8100,¶а,9.441,76909.500,437.400
2026-01-06,15:30:00,512660.SS,1.453,12400,¶а,1.394,18017.200,737.800
2026-01-06,15:30:00,518880.SS,9.577,8100,¶а,9.441,77573.700,1101.600
2026-01-07,15:30:00,512660.SS,1.440,12400,¶а,1.394,17856.000,576.600
2026-01-07,15:30:00,518880.SS,9.518,8100,¶а,9.441,77095.800,623.700
2026-01-08,15:30:00,512660.SS,1.505,12400,¶а,1.394,18662.000,1382.600
2026-01-08,15:30:00,518880.SS,9.511,8100,¶а,9.441,77039.100,567.000
2026-01-09,15:30:00,512660.SS,1.567,12400,¶а,1.394,19430.800,2151.400
2026-01-09,15:30:00,518880.SS,9.592,8100,¶а,9.441,77695.200,1223.100
2026-01-12,15:30:00,512660.SS,1.682,12400,¶а,1.394,20856.800,3577.400
2026-01-12,15:30:00,518880.SS,9.777,8100,¶а,9.441,79193.700,2721.600
2026-01-13,15:30:00,512660.SS,1.552,12400,¶а,1.394,19244.800,1965.400
2026-01-13,15:30:00,518880.SS,9.793,8100,¶а,9.441,79323.300,2851.200
2026-01-14,15:30:00,512660.SS,1.563,12400,¶а,1.394,19381.200,2101.800
2026-01-14,15:30:00,518880.SS,9.922,8100,¶а,9.441,80368.200,3896.100
2026-01-15,15:30:00,512660.SS,1.503,12400,¶а,1.394,18637.200,1357.800
2026-01-15,15:30:00,518880.SS,9.867,8100,¶а,9.441,79922.700,3450.600
2026-01-16,15:30:00,512660.SS,1.495,12400,¶а,1.394,18538.000,1258.600
2026-01-16,15:30:00,518880.SS,9.857,8100,¶а,9.441,79841.700,3369.600
2026-01-19,15:30:00,512660.SS,1.526,12400,¶а,1.394,18922.400,1643.000
2026-01-19,15:30:00,518880.SS,10.006,8100,¶а,9.441,81048.600,4576.500
2026-01-20,15:30:00,512660.SS,1.477,12400,¶а,1.394,18314.800,1035.400
2026-01-20,15:30:00,518880.SS,10.082,8100,¶а,9.441,81664.200,5192.100
2026-01-21,15:30:00,512660.SS,1.479,12400,¶а,1.394,18339.600,1060.200
2026-01-21,15:30:00,518880.SS,10.377,8100,¶а,9.441,84053.700,7581.600
2026-01-22,15:30:00,512660.SS,1.526,12400,¶а,1.394,18922.400,1643.000
2026-01-22,15:30:00,518880.SS,10.341,8100,¶а,9.441,83762.100,7290.000
2026-01-23,15:30:00,512660.SS,1.574,12400,¶а,1.394,19517.600,2238.200
2026-01-23,15:30:00,518880.SS,10.617,8100,¶а,9.441,85997.700,9525.600
2026-01-26,15:30:00,512660.SS,1.503,12400,¶а,1.394,18637.200,1357.800
2026-01-26,15:30:00,518880.SS,10.924,8100,¶а,9.441,88484.400,12012.300
2026-01-27,15:30:00,512660.SS,1.525,12400,¶а,1.394,18910.000,1630.600
2026-01-27,15:30:00,518880.SS,10.934,8100,¶а,9.441,88565.400,12093.300
2026-01-28,15:30:00,512660.SS,1.503,12400,¶а,1.394,18637.200,1357.800
2026-01-28,15:30:00,518880.SS,11.280,8100,¶а,9.441,91368.000,14895.900
2026-01-29,15:30:00,512660.SS,1.473,12400,¶а,1.394,18265.200,985.800
2026-01-29,15:30:00,518880.SS,11.904,8100,¶а,9.441,96422.400,19950.300
2026-01-30,15:30:00,512660.SS,1.446,12400,¶а,1.394,17930.400,651.000
2026-01-30,15:30:00,518880.SS,11.009,8100,¶а,9.441,89172.900,12700.800
2026-02-02,15:30:00,512660.SS,1.420,59300,¶а,1.443,84206.000,-1340.180
2026-02-02,15:30:00,518880.SS,9.908,0,¶а,0.000,0.000,0.000
2026-02-02,15:30:00,512720.SS,1.287,9700,¶а,1.331,12483.900,-430.680
2026-02-03,15:30:00,512660.SS,1.483,59300,¶а,1.443,87941.900,2395.720
2026-02-03,15:30:00,512720.SS,1.319,9700,¶а,1.331,12794.300,-120.280
2026-02-04,15:30:00,512660.SS,1.485,59300,¶а,1.443,88060.500,2514.320
2026-02-04,15:30:00,512720.SS,1.289,9700,¶а,1.331,12503.300,-411.280
2026-02-05,15:30:00,512660.SS,1.466,59300,¶а,1.443,86933.800,1387.620
2026-02-05,15:30:00,512720.SS,1.274,9700,¶а,1.331,12357.800,-556.780
2026-02-06,15:30:00,512660.SS,1.440,59300,¶а,1.443,85392.000,-154.180
2026-02-06,15:30:00,512720.SS,1.268,9700,¶а,1.331,12299.600,-614.980
2026-02-09,15:30:00,512660.SS,1.466,59300,¶а,1.443,86933.800,1387.620
2026-02-09,15:30:00,512720.SS,1.305,9700,¶а,1.331,12658.500,-256.080
2026-02-10,15:30:00,512660.SS,1.469,59300,¶а,1.443,87111.700,1565.520
2026-02-10,15:30:00,512720.SS,1.313,9700,¶а,1.331,12736.100,-178.480
2026-02-11,15:30:00,512660.SS,1.458,59300,¶а,1.443,86459.400,913.220
2026-02-11,15:30:00,512720.SS,1.306,9700,¶а,1.331,12668.200,-246.380
2026-02-12,15:30:00,512660.SS,1.478,59300,¶а,1.443,87645.400,2099.220
2026-02-12,15:30:00,512720.SS,1.338,9700,¶а,1.331,12978.600,64.020
2026-02-13,15:30:00,512660.SS,1.483,59300,¶а,1.443,87941.900,2395.720
2026-02-13,15:30:00,512720.SS,1.330,9700,¶а,1.331,12901.000,-13.580
2026-02-24,15:30:00,512660.SS,1.501,59300,¶а,1.443,89009.300,3463.120
2026-02-24,15:30:00,512720.SS,1.312,9700,¶а,1.331,12726.400,-188.180
2026-02-25,15:30:00,512660.SS,1.526,59300,¶а,1.443,90491.800,4945.620
2026-02-25,15:30:00,512720.SS,1.303,9700,¶а,1.331,12639.100,-275.480
2026-02-26,15:30:00,512660.SS,1.552,59300,¶а,1.443,92033.600,6487.420
2026-02-26,15:30:00,512720.SS,1.319,9700,¶а,1.331,12794.300,-120.280
2026-02-27,15:30:00,512660.SS,1.550,59300,¶а,1.443,91915.000,6368.820
2026-02-27,15:30:00,512720.SS,1.340,9700,¶а,1.331,12998.000,83.420
2026-03-02,15:30:00,512660.SS,1.588,0,¶а,0.000,0.000,0.000
2026-03-02,15:30:00,512720.SS,1.305,0,¶а,0.000,0.000,0.000
2026-03-02,15:30:00,518880.SS,11.417,2300,¶а,11.274,26259.100,328.210
2026-03-02,15:30:00,515790.SS,1.136,4300,¶а,1.120,4884.800,67.510
2026-03-02,15:30:00,159985.SZ,2.034,36800,¶а,2.023,74851.200,419.520
2026-03-03,15:30:00,518880.SS,11.259,2300,¶а,11.274,25895.700,-35.190
2026-03-03,15:30:00,515790.SS,1.110,4300,¶а,1.120,4773.000,-44.290
2026-03-03,15:30:00,159985.SZ,2.051,36800,¶а,2.023,75476.800,1045.120
2026-03-04,15:30:00,518880.SS,10.980,2300,¶а,11.274,25254.000,-676.890
2026-03-04,15:30:00,515790.SS,1.110,4300,¶а,1.120,4773.000,-44.290
2026-03-04,15:30:00,159985.SZ,2.102,36800,¶а,2.023,77353.600,2921.920
2026-03-05,15:30:00,518880.SS,10.964,2300,¶а,11.274,25217.200,-713.690
2026-03-05,15:30:00,515790.SS,1.125,4300,¶а,1.120,4837.500,20.210
2026-03-05,15:30:00,159985.SZ,2.061,36800,¶а,2.023,75844.800,1413.120
2026-03-06,15:30:00,518880.SS,10.873,2300,¶а,11.274,25007.900,-922.990
2026-03-06,15:30:00,515790.SS,1.127,4300,¶а,1.120,4846.100,28.810
2026-03-06,15:30:00,159985.SZ,2.126,36800,¶а,2.023,78236.800,3805.120
2026-03-09,15:30:00,518880.SS,10.868,2300,¶а,11.274,24996.400,-934.490
2026-03-09,15:30:00,515790.SS,1.149,4300,¶а,1.120,4940.700,123.410
2026-03-09,15:30:00,159985.SZ,2.232,36800,¶а,2.023,82137.600,7705.920
2026-03-10,15:30:00,518880.SS,10.956,2300,¶а,11.274,25198.800,-732.090
2026-03-10,15:30:00,515790.SS,1.162,4300,¶а,1.120,4996.600,179.310
2026-03-10,15:30:00,159985.SZ,2.179,36800,¶а,2.023,80187.200,5755.520
2026-03-11,15:30:00,518880.SS,10.974,2300,¶а,11.274,25240.200,-690.690
2026-03-11,15:30:00,515790.SS,1.180,4300,¶а,1.120,5074.000,256.710
2026-03-11,15:30:00,159985.SZ,2.244,36800,¶а,2.023,82579.200,8147.520
2026-03-12,15:30:00,518880.SS,10.938,2300,¶а,11.274,25157.400,-773.490
2026-03-12,15:30:00,515790.SS,1.183,4300,¶а,1.120,5086.900,269.610
2026-03-12,15:30:00,159985.SZ,2.232,36800,¶а,2.023,82137.600,7705.920
2026-03-13,15:30:00,518880.SS,10.802,2300,¶а,11.274,24844.600,-1086.290
2026-03-13,15:30:00,515790.SS,1.164,4300,¶а,1.120,5005.200,187.910
2026-03-13,15:30:00,159985.SZ,2.321,36800,¶а,2.023,85412.800,10981.120
2026-03-16,15:30:00,518880.SS,10.664,2300,¶а,11.274,24527.200,-1403.690
2026-03-16,15:30:00,515790.SS,1.135,4300,¶а,1.120,4880.500,63.210
2026-03-16,15:30:00,159985.SZ,2.262,36800,¶а,2.023,83241.600,8809.920
