日期,品种,标的,多空,数量,可用数量,收盘价/结算价,市值/价值,盈亏/逐笔浮盈,开仓均价,持仓均价（期货）,保证金,当日盈亏,今手数,盈亏占比,仓位占比
2024-01-02,基金,纳指生物(513290.XSHG),多,44000股,44000股,1.137,50028,88,1.135,-,0,88,44000股,0.18%,50083,99.89%
2024-01-02,,Cash,,,,,55,,,,,,,,0
2024-01-03,基金,纳指生物(513290.XSHG),多,44000股,44000股,1.163,51172,1232,1.135,-,0,1144,0股,2.47%,51227,99.89%
2024-01-03,,Cash,,,,,55,,,,,,,,0
2024-01-04,基金,纳指生物(513290.XSHG),多,44000股,44000股,1.151,50644,704,1.135,-,0,-528,0股,1.41%,50699,99.89%
2024-01-04,,Cash,,,,,55,,,,,,,,0
2024-01-05,基金,纳指生物(513290.XSHG),多,44000股,44000股,1.155,50820,880,1.135,-,0,176,0股,1.76%,50875,99.89%
2024-01-05,,Cash,,,,,55,,,,,,,,0
2024-01-08,基金,纳指生物(513290.XSHG),多,44000股,44000股,1.156,50864,924,1.135,-,0,44,0股,1.85%,50919,99.89%
2024-01-08,,Cash,,,,,55,,,,,,,,0
2024-01-09,基金,煤炭ETF(515220.XSHG),多,21300股,0股,2.454,52270.2,-42.6,2.456,-,0,-42.6,21300股,-0.08%,52273.94,99.99%
2024-01-09,,Cash,,,,,3.74,,,,,,,,0
2024-01-10,基金,纳指生物(513290.XSHG),多,43800股,43800股,1.182,51771.6,0,1.182,-,0,0,43800股,0%,51794.98,99.95%
2024-01-10,,Cash,,,,,23.38,,,,,,,,0
2024-01-11,基金,纳指生物(513290.XSHG),多,43800股,43800股,1.182,51771.6,0,1.182,-,0,0,0股,0%,51794.98,99.95%
2024-01-11,,Cash,,,,,23.38,,,,,,,,0
2024-01-12,基金,纳指生物(513290.XSHG),多,43800股,43800股,1.163,50939.4,-832.2,1.182,-,0,-832.2,0股,-1.61%,50962.78,99.95%
2024-01-12,,Cash,,,,,23.38,,,,,,,,0
2024-01-15,基金,日经ETF(513520.XSHG),多,34100股,34100股,1.524,51968.4,818.4,1.5,-,0,818.4,34100股,1.6%,52077.54,99.79%
2024-01-15,,Cash,,,,,109.14,,,,,,,,0
2024-01-16,基金,纳指生物(513290.XSHG),多,48200股,48200股,1.166,56201.2,-48.2,1.167,-,0,-48.2,48200股,-0.09%,56212.4,99.98%
2024-01-16,,Cash,,,,,11.2,,,,,,,,0
2024-01-17,基金,纳指生物(513290.XSHG),多,48200股,48200股,1.153,55574.6,-674.8,1.167,-,0,-626.6,0股,-1.2%,55585.8,99.98%
2024-01-17,,Cash,,,,,11.2,,,,,,,,0
2024-01-18,基金,纳指生物(513290.XSHG),多,48200股,48200股,1.159,55863.8,-385.6,1.167,-,0,289.2,0股,-0.69%,55875,99.98%
2024-01-18,,Cash,,,,,11.2,,,,,,,,0
2024-01-19,基金,日经ETF(513520.XSHG),多,38400股,38400股,1.46,56064,614.4,1.444,-,0,614.4,38400股,1.11%,56092.71,99.95%
2024-01-19,,Cash,,,,,28.71,,,,,,,,0
2024-01-22,基金,日经ETF(513520.XSHG),多,38400股,38400股,1.552,59596.8,4147.2,1.444,-,0,3532.8,0股,7.48%,59625.51,99.95%
2024-01-22,,Cash,,,,,28.71,,,,,,,,0
2024-01-23,基金,日经ETF(513520.XSHG),多,38400股,38400股,1.628,62515.2,7065.6,1.444,-,0,2918.4,0股,12.74%,62543.91,99.95%
2024-01-23,,Cash,,,,,28.71,,,,,,,,0
2024-01-24,基金,225ETF(513000.XSHG),多,44800股,44800股,1.39,62272,-1926.4,1.433,-,0,-1926.4,44800股,-3%,62294.27,99.96%
2024-01-24,,Cash,,,,,22.27,,,,,,,,0
2024-01-25,基金,标普信息科技LOF(161128.XSHE),多,14300股,14300股,4.22,60346,-729.3,4.271,-,0,-729.3,14300股,-1.19%,60611.93,99.56%
2024-01-25,,Cash,,,,,265.93,,,,,,,,0
2024-01-26,基金,标普信息科技LOF(161128.XSHE),多,14300股,14300股,4.122,58944.6,-2130.7,4.271,-,0,-1401.4,0股,-3.49%,59210.53,99.55%
2024-01-26,,Cash,,,,,265.93,,,,,,,,0
2024-01-29,基金,标普信息科技LOF(161128.XSHE),多,14300股,14300股,4.216,60288.8,-786.5,4.271,-,0,1344.2,0股,-1.29%,60554.73,99.56%
2024-01-29,,Cash,,,,,265.93,,,,,,,,0
2024-01-30,基金,标普500ETF华夏(159655.XSHE),多,42800股,42800股,1.458,62402.4,-214,1.463,-,0,-214,42800股,-0.34%,62473.22,99.89%
2024-01-30,,Cash,,,,,70.82,,,,,,,,0
2024-01-31,基金,纳指科技ETF景顺(159509.XSHE),多,50100股,50100股,1.172,58717.2,-50.1,1.173,-,0,-50.1,50100股,-0.09%,58816.17,99.83%
2024-01-31,,Cash,,,,,98.97,,,,,,,,0
2024-02-01,基金,纳指科技ETF景顺(159509.XSHE),多,50100股,50100股,1.157,57965.7,-801.6,1.173,-,0,-751.5,0股,-1.36%,58064.67,99.83%
2024-02-01,,Cash,,,,,98.97,,,,,,,,0
2024-02-02,基金,纳指科技ETF景顺(159509.XSHE),多,50100股,50100股,1.19,59619,851.7,1.173,-,0,1653.3,0股,1.45%,59717.97,99.83%
2024-02-02,,Cash,,,,,98.97,,,,,,,,0
2024-02-05,基金,纳指科技ETF景顺(159509.XSHE),多,50100股,50100股,1.212,60721.2,1953.9,1.173,-,0,1102.2,0股,3.32%,60820.17,99.84%
2024-02-05,,Cash,,,,,98.97,,,,,,,,0
2024-02-06,基金,银行ETF(512800.XSHG),多,54200股,0股,1.135,61517,0,1.135,-,0,0,54200股,0%,61609.46,99.85%
2024-02-06,,Cash,,,,,92.46,,,,,,,,0
2024-02-07,基金,纳指科技ETF景顺(159509.XSHE),多,49600股,49600股,1.218,60412.8,49.6,1.217,-,0,49.6,49600股,0.08%,60508.79,99.84%
2024-02-07,,Cash,,,,,95.99,,,,,,,,0
2024-02-08,基金,纳指ETF(513100.XSHG),多,47800股,47800股,1.308,62522.4,286.8,1.302,-,0,286.8,47800股,0.46%,62568.75,99.93%
2024-02-08,,Cash,,,,,46.35,,,,,,,,0
2024-02-19,基金,纳指科技ETF景顺(159509.XSHE),多,49600股,49600股,1.259,62446.4,248,1.254,-,0,248,49600股,0.4%,62469.71,99.96%
2024-02-19,,Cash,,,,,23.31,,,,,,,,0
2024-02-20,基金,纳指科技ETF景顺(159509.XSHE),多,49600股,49600股,1.256,62297.6,99.2,1.254,-,0,-148.8,0股,0.16%,62320.91,99.96%
2024-02-20,,Cash,,,,,23.31,,,,,,,,0
2024-02-21,基金,纳指科技ETF景顺(159509.XSHE),多,49600股,49600股,1.234,61206.4,-992,1.254,-,0,-1091.2,0股,-1.59%,61229.71,99.96%
2024-02-21,,Cash,,,,,23.31,,,,,,,,0
2024-02-22,基金,纳指科技ETF景顺(159509.XSHE),多,49600股,49600股,1.279,63438.4,1240,1.254,-,0,2232,0股,1.99%,63461.71,99.96%
2024-02-22,,Cash,,,,,23.31,,,,,,,,0
2024-02-23,基金,纳指科技ETF景顺(159509.XSHE),多,49600股,49600股,1.325,65720,3521.6,1.254,-,0,2281.6,0股,5.66%,65743.31,99.96%
2024-02-23,,Cash,,,,,23.31,,,,,,,,0
2024-02-26,基金,纳指科技ETF景顺(159509.XSHE),多,49600股,49600股,1.307,64827.2,2628.8,1.254,-,0,-892.8,0股,4.23%,64850.51,99.96%
2024-02-26,,Cash,,,,,23.31,,,,,,,,0
2024-02-27,基金,纳指科技ETF景顺(159509.XSHE),多,49600股,49600股,1.309,64926.4,2728,1.254,-,0,99.2,0股,4.39%,64949.71,99.96%
2024-02-27,,Cash,,,,,23.31,,,,,,,,0
2024-02-28,基金,纳指科技ETF景顺(159509.XSHE),多,49600股,49600股,1.334,66166.4,3968,1.254,-,0,1240,0股,6.38%,66189.71,99.96%
2024-02-28,,Cash,,,,,23.31,,,,,,,,0
2024-02-29,基金,纳指科技ETF景顺(159509.XSHE),多,49600股,49600股,1.327,65819.2,3620.8,1.254,-,0,-347.2,0股,5.82%,65842.51,99.96%
2024-02-29,,Cash,,,,,23.31,,,,,,,,0
2024-03-01,基金,纳指科技ETF景顺(159509.XSHE),多,49600股,49600股,1.371,68001.6,5803.2,1.254,-,0,2182.4,0股,9.33%,68024.91,99.97%
2024-03-01,,Cash,,,,,23.31,,,,,,,,0
2024-03-04,基金,计算机(512720.XSHG),多,74400股,0股,0.947,70456.8,-297.6,0.951,-,0,-297.6,74400股,-0.42%,70540.35,99.88%
2024-03-04,,Cash,,,,,83.55,,,,,,,,0
2024-03-05,基金,软件ETF嘉实(159852.XSHE),多,100800股,0股,0.699,70459.2,-705.6,0.706,-,0,-705.6,100800股,-0.99%,70490.12,99.96%
2024-03-05,,Cash,,,,,30.92,,,,,,,,0
2024-03-06,基金,科创信息(588100.XSHG),多,71800股,0股,0.971,69717.8,-574.4,0.979,-,0,-574.4,71800股,-0.82%,69800.85,99.88%
2024-03-06,,Cash,,,,,83.05,,,,,,,,0
2024-03-07,基金,芯片设备(561980.XSHG),多,73500股,0股,0.925,67987.5,-367.5,0.93,-,0,-367.5,73500股,-0.54%,67983.69,100%
2024-03-07,,Cash,,,,,-3.81,,,,,,,,0
2024-03-08,基金,科技ETF(515000.XSHG),多,61200股,0股,1.136,69523.2,612,1.126,-,0,612,61200股,0.89%,69537.41,99.98%
2024-03-08,,Cash,,,,,14.21,,,,,,,,0
2024-03-11,基金,中韩芯片(513310.XSHG),多,56100股,56100股,1.255,70405.5,897.6,1.239,-,0,897.6,56100股,1.29%,70421.1,99.98%
2024-03-11,,Cash,,,,,15.6,,,,,,,,0
2024-03-12,基金,创业板50ETF华安(159949.XSHE),多,87100股,0股,0.808,70376.8,-174.2,0.81,-,0,-174.2,87100股,-0.25%,70401.09,99.97%
2024-03-12,,Cash,,,,,24.29,,,,,,,,0
2024-03-13,基金,创业板50ETF华安(159949.XSHE),多,87100股,87100股,0.805,70115.5,-435.5,0.81,-,0,-261.3,0股,-0.62%,70139.79,99.97%
2024-03-13,,Cash,,,,,24.29,,,,,,,,0
2024-03-14,基金,科技ETF(515000.XSHG),多,61300股,0股,1.14,69882,-245.2,1.144,-,0,-245.2,61300股,-0.35%,69880.57,100%
2024-03-14,,Cash,,,,,-1.43,,,,,,,,0
2024-03-15,基金,中韩芯片(513310.XSHG),多,56800股,56800股,1.226,69636.8,397.6,1.219,-,0,397.6,56800股,0.57%,69712.61,99.89%
2024-03-15,,Cash,,,,,75.81,,,,,,,,0
2024-03-18,基金,半导体设备ETF国泰(159516.XSHE),多,82100股,0股,0.871,71509.1,903.1,0.86,-,0,903.1,82100股,1.28%,71510.39,100%
2024-03-18,,Cash,,,,,1.29,,,,,,,,0
2024-03-19,基金,计算机ETF天弘(159998.XSHE),多,90300股,0股,0.783,70704.9,-632.1,0.79,-,0,-632.1,90300股,-0.89%,70699.83,100%
2024-03-19,,Cash,,,,,-5.07,,,,,,,,0
2024-03-20,基金,人工智能(515980.XSHG),多,83900股,0股,0.856,71818.4,83.9,0.855,-,0,83.9,83900股,0.12%,71852.97,99.95%
2024-03-20,,Cash,,,,,34.57,,,,,,,,0
2024-03-21,基金,矿业ETF(561330.XSHG),多,74000股,0股,0.975,72150,370,0.97,-,0,370,74000股,0.52%,72208.61,99.92%
2024-03-21,,Cash,,,,,58.61,,,,,,,,0
2024-03-22,基金,通信ETF(515880.XSHG),多,58200股,0股,1.203,70014.6,116.4,1.201,-,0,116.4,58200股,0.17%,70091.03,99.89%
2024-03-22,,Cash,,,,,76.43,,,,,,,,0
2024-03-25,基金,通信ETF(515880.XSHG),多,58200股,58200股,1.18,68676,-1222.2,1.201,-,0,-1338.6,0股,-1.75%,68752.43,99.89%
2024-03-25,,Cash,,,,,76.43,,,,,,,,0
2024-03-26,基金,有色ETF(512400.XSHG),多,68200股,0股,1.009,68813.8,477.4,1.002,-,0,477.4,68200股,0.7%,68808.77,100%
2024-03-26,,Cash,,,,,-5.03,,,,,,,,0
2024-03-27,基金,黄金股(517520.XSHG),多,61500股,0股,1.11,68265,-369,1.116,-,0,-369,61500股,-0.54%,68289.64,99.96%
2024-03-27,,Cash,,,,,24.64,,,,,,,,0
2024-03-28,基金,黄金股(517520.XSHG),多,61500股,61500股,1.138,69987,1353,1.116,-,0,1722,0股,1.97%,70011.64,99.96%
2024-03-28,,Cash,,,,,24.64,,,,,,,,0
2024-03-29,基金,黄金股(517520.XSHG),多,61500股,61500股,1.193,73369.5,4735.5,1.116,-,0,3382.5,0股,6.9%,73394.14,99.97%
2024-03-29,,Cash,,,,,24.64,,,,,,,,0
2024-04-01,基金,标普油气ETF嘉实(159518.XSHE),多,68000股,68000股,1.098,74664,204,1.095,-,0,204,68000股,0.27%,74690.24,99.96%
2024-04-01,,Cash,,,,,26.24,,,,,,,,0
2024-04-02,基金,标普油气ETF嘉实(159518.XSHE),多,68000股,68000股,1.115,75820,1360,1.095,-,0,1156,0股,1.83%,75846.24,99.97%
2024-04-02,,Cash,,,,,26.24,,,,,,,,0
2024-04-03,基金,华宝油气LOF(162411.XSHE),多,86600股,86600股,0.886,76727.6,173.2,0.884,-,0,173.2,86600股,0.23%,76752.13,99.97%
2024-04-03,,Cash,,,,,24.53,,,,,,,,0
2024-04-08,基金,华宝油气LOF(162411.XSHE),多,86600股,86600股,0.881,76294.6,-259.8,0.884,-,0,-433,0股,-0.34%,76319.13,99.97%
2024-04-08,,Cash,,,,,24.53,,,,,,,,0
2024-04-09,基金,华宝油气LOF(162411.XSHE),多,86600股,86600股,0.876,75861.6,-692.8,0.884,-,0,-433,0股,-0.9%,75886.13,99.97%
2024-04-09,,Cash,,,,,24.53,,,,,,,,0
2024-04-10,基金,矿业ETF(561330.XSHG),多,71400股,0股,1.06,75684,142.8,1.058,-,0,142.8,71400股,0.19%,75754.02,99.91%
2024-04-10,,Cash,,,,,70.02,,,,,,,,0
2024-04-11,基金,油气ETF(513350.XSHG),多,64400股,64400股,1.181,76056.4,0,1.181,-,0,0,64400股,0%,76095.81,99.95%
2024-04-11,,Cash,,,,,39.41,,,,,,,,0
2024-04-12,基金,国投白银LOF(161226.XSHE),多,82700股,0股,0.924,76414.8,744.3,0.915,-,0,744.3,82700股,0.98%,76438.57,99.97%
2024-04-12,,Cash,,,,,23.77,,,,,,,,0
2024-04-15,基金,国投白银LOF(161226.XSHE),多,82700股,82700股,0.921,76166.7,496.2,0.915,-,0,-248.1,0股,0.66%,76190.47,99.97%
2024-04-15,,Cash,,,,,23.77,,,,,,,,0
2024-04-16,基金,矿业ETF(561330.XSHG),多,73600股,0股,1.014,74630.4,-1619.2,1.036,-,0,-1619.2,73600股,-2.12%,74638.72,99.99%
2024-04-16,,Cash,,,,,8.32,,,,,,,,0
2024-04-17,基金,黄金ETF(518880.XSHG),多,13800股,13800股,5.461,75361.8,41.4,5.458,-,0,41.4,13800股,0.05%,75474.65,99.85%
2024-04-17,,Cash,,,,,112.85,,,,,,,,0
2024-04-18,基金,黄金ETF(518880.XSHG),多,13800股,13800股,5.445,75141,-179.4,5.458,-,0,-220.8,0股,-0.24%,75253.85,99.85%
2024-04-18,,Cash,,,,,112.85,,,,,,,,0
2024-04-19,基金,资源ETF(510410.XSHG),多,57100股,0股,1.319,75314.9,-57.1,1.32,-,0,-57.1,57100股,-0.08%,75333.48,99.98%
2024-04-19,,Cash,,,,,18.58,,,,,,,,0
2024-04-22,基金,国投白银LOF(161226.XSHE),多,82100股,0股,0.897,73643.7,0,0.897,-,0,0,82100股,0%,73719.95,99.9%
2024-04-22,,Cash,,,,,76.25,,,,,,,,0
2024-04-23,基金,有色ETF大成(159980.XSHE),多,41600股,41600股,1.689,70262.4,-748.8,1.707,-,0,-748.8,41600股,-1.05%,70411.84,99.79%
2024-04-23,,Cash,,,,,149.44,,,,,,,,0
2024-04-24,基金,有色ETF大成(159980.XSHE),多,41600股,41600股,1.717,71427.2,416,1.707,-,0,1164.8,0股,0.59%,71576.64,99.79%
2024-04-24,,Cash,,,,,149.44,,,,,,,,0
2024-04-25,基金,有色ETF大成(159980.XSHE),多,41600股,41600股,1.733,72092.8,1081.6,1.707,-,0,665.6,0股,1.52%,72242.24,99.79%
2024-04-25,,Cash,,,,,149.44,,,,,,,,0
2024-04-26,基金,有色ETF大成(159980.XSHE),多,41600股,41600股,1.755,73008,1996.8,1.707,-,0,915.2,0股,2.81%,73157.44,99.8%
2024-04-26,,Cash,,,,,149.44,,,,,,,,0
2024-04-29,基金,有色ETF大成(159980.XSHE),多,41600股,41600股,1.745,72592,1580.8,1.707,-,0,-416,0股,2.23%,72741.44,99.79%
2024-04-29,,Cash,,,,,149.44,,,,,,,,0
2024-04-30,基金,有色ETF大成(159980.XSHE),多,41600股,41600股,1.763,73340.8,2329.6,1.707,-,0,748.8,0股,3.28%,73490.24,99.8%
2024-04-30,,Cash,,,,,149.44,,,,,,,,0
2024-05-06,基金,有色ETF大成(159980.XSHE),多,41600股,41600股,1.769,73590.4,2579.2,1.707,-,0,249.6,0股,3.63%,73739.84,99.8%
2024-05-06,,Cash,,,,,149.44,,,,,,,,0
2024-05-07,基金,有色ETF大成(159980.XSHE),多,41600股,41600股,1.753,72924.8,1913.6,1.707,-,0,-665.6,0股,2.69%,73074.24,99.8%
2024-05-07,,Cash,,,,,149.44,,,,,,,,0
2024-05-08,基金,恒生互联(513330.XSHG),多,185700股,185700股,0.386,71680.2,-928.5,0.391,-,0,-928.5,185700股,-1.28%,71673.63,100%
2024-05-08,,Cash,,,,,-6.57,,,,,,,,0
2024-05-09,基金,港股红利ETF工银(159691.XSHE),多,62500股,62500股,1.167,72937.5,-125,1.169,-,0,-125,62500股,-0.17%,73019.6,99.89%
2024-05-09,,Cash,,,,,82.1,,,,,,,,0
2024-05-10,基金,恒生互联(513330.XSHG),多,188600股,188600股,0.392,73931.2,-565.8,0.395,-,0,-565.8,188600股,-0.76%,73938.91,99.99%
2024-05-10,,Cash,,,,,7.71,,,,,,,,0
2024-05-13,基金,港股红利ETF工银(159691.XSHE),多,62500股,62500股,1.205,75312.5,-250,1.209,-,0,-250,62500股,-0.33%,75371.19,99.92%
2024-05-13,,Cash,,,,,58.69,,,,,,,,0
2024-05-14,基金,恒科技(513260.XSHG),多,71400股,71400股,1.052,75112.8,-142.8,1.054,-,0,-142.8,71400股,-0.19%,75150.84,99.95%
2024-05-14,,Cash,,,,,38.04,,,,,,,,0
2024-05-15,基金,恒生中国(510900.XSHG),多,87800股,87800股,0.849,74542.2,-175.6,0.851,-,0,-175.6,87800股,-0.24%,74603.29,99.92%
2024-05-15,,Cash,,,,,61.09,,,,,,,,0
2024-05-16,基金,港股通高股息ETF华夏(159726.XSHE),多,74300股,74300股,1.022,75934.6,0,1.022,-,0,0,74300股,0%,75992.91,99.92%
2024-05-16,,Cash,,,,,58.31,,,,,,,,0
2024-05-17,基金,央企40(513920.XSHG),多,62800股,62800股,1.216,76364.8,188.4,1.213,-,0,188.4,62800股,0.25%,76463.27,99.87%
2024-05-17,,Cash,,,,,98.47,,,,,,,,0
2024-05-20,基金,央企40(513920.XSHG),多,62800股,62800股,1.23,77244,1067.6,1.213,-,0,879.2,0股,1.4%,77342.47,99.87%
2024-05-20,,Cash,,,,,98.47,,,,,,,,0
2024-05-21,基金,央企40(513920.XSHG),多,62800股,62800股,1.214,76239.2,62.8,1.213,-,0,-1004.8,0股,0.08%,76337.67,99.87%
2024-05-21,,Cash,,,,,98.47,,,,,,,,0
2024-05-22,基金,央企40(513920.XSHG),多,62800股,62800股,1.217,76427.6,251.2,1.213,-,0,188.4,0股,0.33%,76526.07,99.87%
2024-05-22,,Cash,,,,,98.47,,,,,,,,0
2024-05-23,基金,港股红利ETF工银(159691.XSHE),多,63400股,63400股,1.183,75002.2,-253.6,1.187,-,0,-253.6,63400股,-0.34%,75064.22,99.92%
2024-05-23,,Cash,,,,,62.02,,,,,,,,0
2024-05-24,基金,港股红利ETF工银(159691.XSHE),多,63400股,63400股,1.174,74431.6,-824.2,1.187,-,0,-570.6,0股,-1.1%,74493.62,99.92%
2024-05-24,,Cash,,,,,62.02,,,,,,,,0
2024-05-27,基金,香港红利(513630.XSHG),多,64600股,64600股,1.192,77003.2,516.8,1.184,-,0,516.8,64600股,0.68%,77087.32,99.89%
2024-05-27,,Cash,,,,,84.12,,,,,,,,0
2024-05-28,基金,国投白银LOF(161226.XSHE),多,75500股,0股,1.012,76406,-906,1.024,-,0,-906,75500股,-1.17%,76488.85,99.89%
2024-05-28,,Cash,,,,,82.85,,,,,,,,0
2024-05-29,基金,港股非银(513750.XSHG),多,79100股,79100股,0.976,77201.6,-395.5,0.981,-,0,-395.5,79100股,-0.51%,77210.34,99.99%
2024-05-29,,Cash,,,,,8.74,,,,,,,,0
2024-05-30,基金,纳指科技ETF景顺(159509.XSHE),多,52200股,52200股,1.453,75846.6,261,1.448,-,0,261,52200股,0.35%,75953.31,99.86%
2024-05-30,,Cash,,,,,106.71,,,,,,,,0
2024-05-31,基金,纳指科技ETF景顺(159509.XSHE),多,52200股,52200股,1.448,75585.6,0,1.448,-,0,-261,0股,0%,75692.31,99.86%
2024-05-31,,Cash,,,,,106.71,,,,,,,,0
2024-06-03,基金,纳指科技ETF景顺(159509.XSHE),多,52200股,52200股,1.474,76942.8,1357.2,1.448,-,0,1357.2,0股,1.8%,77049.51,99.86%
2024-06-03,,Cash,,,,,106.71,,,,,,,,0
2024-06-04,基金,纳指科技ETF景顺(159509.XSHE),多,52200股,52200股,1.464,76420.8,835.2,1.448,-,0,-522,0股,1.1%,76527.51,99.86%
2024-06-04,,Cash,,,,,106.71,,,,,,,,0
2024-06-05,基金,纳指科技ETF景顺(159509.XSHE),多,52200股,52200股,1.477,77099.4,1513.8,1.448,-,0,678.6,0股,2%,77206.11,99.86%
2024-06-05,,Cash,,,,,106.71,,,,,,,,0
2024-06-06,基金,纳指科技ETF景顺(159509.XSHE),多,52200股,52200股,1.537,80231.4,4645.8,1.448,-,0,3132,0股,6.15%,80338.11,99.87%
2024-06-06,,Cash,,,,,106.71,,,,,,,,0
2024-06-07,基金,纳指科技ETF景顺(159509.XSHE),多,52200股,52200股,1.548,80805.6,5220,1.448,-,0,574.2,0股,6.91%,80912.31,99.87%
2024-06-07,,Cash,,,,,106.71,,,,,,,,0
2024-06-11,基金,纳指科技ETF景顺(159509.XSHE),多,52200股,52200股,1.566,81745.2,6159.6,1.448,-,0,939.6,0股,8.15%,81851.91,99.87%
2024-06-11,,Cash,,,,,106.71,,,,,,,,0
2024-06-12,基金,纳指科技ETF景顺(159509.XSHE),多,52200股,52200股,1.609,83989.8,8404.2,1.448,-,0,2244.6,0股,11.12%,84096.51,99.87%
2024-06-12,,Cash,,,,,106.71,,,,,,,,0
2024-06-13,基金,电力ETF广发(159611.XSHE),多,82300股,0股,1.058,87073.4,82.3,1.057,-,0,82.3,82300股,0.09%,87084.62,99.99%
2024-06-13,,Cash,,,,,11.22,,,,,,,,0
2024-06-14,基金,芯片设备(561980.XSHG),多,90400股,0股,0.953,86151.2,452,0.948,-,0,452,90400股,0.53%,86202.67,99.94%
2024-06-14,,Cash,,,,,51.47,,,,,,,,0
2024-06-17,基金,芯片设备(561980.XSHG),多,90400股,90400股,0.968,87507.2,1808,0.948,-,0,1356,0股,2.11%,87558.67,99.94%
2024-06-17,,Cash,,,,,51.47,,,,,,,,0
2024-06-18,基金,标普信息科技LOF(161128.XSHE),多,16100股,16100股,5.449,87728.9,547.4,5.415,-,0,547.4,16100股,0.63%,87998.21,99.69%
2024-06-18,,Cash,,,,,269.31,,,,,,,,0
2024-06-19,基金,芯片设备(561980.XSHG),多,89500股,0股,0.965,86367.5,626.5,0.958,-,0,626.5,89500股,0.73%,86434.08,99.92%
2024-06-19,,Cash,,,,,66.58,,,,,,,,0
2024-06-20,基金,标普信息科技LOF(161128.XSHE),多,16400股,16400股,5.367,88018.8,410,5.342,-,0,410,16400股,0.47%,88079.56,99.93%
2024-06-20,,Cash,,,,,60.76,,,,,,,,0
2024-06-21,基金,芯片设备(561980.XSHG),多,88500股,0股,0.973,86110.5,1150.5,0.96,-,0,1150.5,88500股,1.35%,86162.67,99.94%
2024-06-21,,Cash,,,,,52.17,,,,,,,,0
2024-06-24,基金,科创芯片(588200.XSHG),多,85500股,0股,0.972,83106,-1881,0.994,-,0,-1881,85500股,-2.21%,83114.17,99.99%
2024-06-24,,Cash,,,,,8.17,,,,,,,,0
2024-06-25,基金,纳指ETF(513100.XSHG),多,56200股,56200股,1.429,80309.8,-56.2,1.43,-,0,-56.2,56200股,-0.07%,80305.9,100%
2024-06-25,,Cash,,,,,-3.9,,,,,,,,0
2024-06-26,基金,纳指ETF(513100.XSHG),多,56200股,56200股,1.456,81827.2,1461.2,1.43,-,0,1517.4,0股,1.82%,81823.3,100%
2024-06-26,,Cash,,,,,-3.9,,,,,,,,0
2024-06-27,基金,纳指ETF(513100.XSHG),多,56200股,56200股,1.455,81771,1405,1.43,-,0,-56.2,0股,1.75%,81767.1,100%
2024-06-27,,Cash,,,,,-3.9,,,,,,,,0
2024-06-28,基金,纳指科技ETF景顺(159509.XSHE),多,48400股,48400股,1.711,82812.4,96.8,1.709,-,0,96.8,48400股,0.12%,82915.14,99.88%
2024-06-28,,Cash,,,,,102.74,,,,,,,,0
2024-07-01,基金,纳指科技ETF景顺(159509.XSHE),多,48400股,48400股,1.717,83102.8,387.2,1.709,-,0,290.4,0股,0.47%,83205.54,99.88%
2024-07-01,,Cash,,,,,102.74,,,,,,,,0
2024-07-02,基金,纳指科技ETF景顺(159509.XSHE),多,48400股,48400股,1.697,82134.8,-580.8,1.709,-,0,-968,0股,-0.7%,82237.54,99.88%
2024-07-02,,Cash,,,,,102.74,,,,,,,,0
2024-07-03,基金,印度基金LOF(164824.XSHE),多,49400股,49400股,1.648,81411.2,49.4,1.647,-,0,49.4,49400股,0.06%,81544.67,99.84%
2024-07-03,,Cash,,,,,133.47,,,,,,,,0
2024-07-04,基金,纳指科技ETF景顺(159509.XSHE),多,49600股,49600股,1.66,82336,-496,1.67,-,0,-496,49600股,-0.6%,82415.3,99.9%
2024-07-04,,Cash,,,,,79.3,,,,,,,,0
2024-07-05,基金,纳指ETF(513100.XSHG),多,53500股,53500股,1.529,81801.5,695.5,1.516,-,0,695.5,53500股,0.86%,81854.58,99.94%
2024-07-05,,Cash,,,,,53.08,,,,,,,,0
2024-07-08,基金,纳指ETF(513100.XSHG),多,53500股,53500股,1.552,83032,1926,1.516,-,0,1230.5,0股,2.37%,83085.08,99.94%
2024-07-08,,Cash,,,,,53.08,,,,,,,,0
2024-07-09,基金,纳指ETF(513100.XSHG),多,53500股,53500股,1.568,83888,2782,1.516,-,0,856,0股,3.43%,83941.08,99.94%
2024-07-09,,Cash,,,,,53.08,,,,,,,,0
2024-07-10,基金,印度基金LOF(164824.XSHE),多,48400股,48400股,1.702,82376.8,-484,1.712,-,0,-484,48400股,-0.58%,82424.01,99.94%
2024-07-10,,Cash,,,,,47.21,,,,,,,,0
2024-07-11,基金,日经ETF(513520.XSHG),多,51700股,51700股,1.574,81375.8,-930.6,1.592,-,0,-930.6,51700股,-1.13%,81525.34,99.82%
2024-07-11,,Cash,,,,,149.54,,,,,,,,0
2024-07-12,基金,印度基金LOF(164824.XSHE),多,46600股,46600股,1.707,79546.2,978.6,1.686,-,0,978.6,46600股,1.25%,79644.73,99.88%
2024-07-12,,Cash,,,,,98.53,,,,,,,,0
2024-07-15,基金,印度基金LOF(164824.XSHE),多,46600股,46600股,1.723,80291.8,1724.2,1.686,-,0,745.6,0股,2.19%,80390.33,99.88%
2024-07-15,,Cash,,,,,98.53,,,,,,,,0
2024-07-16,基金,印度基金LOF(164824.XSHE),多,46600股,46600股,1.717,80012.2,1444.6,1.686,-,0,-279.6,0股,1.84%,80110.73,99.88%
2024-07-16,,Cash,,,,,98.53,,,,,,,,0
2024-07-17,基金,日经ETF(513520.XSHG),多,52600股,52600股,1.52,79952,-420.8,1.528,-,0,-420.8,52600股,-0.52%,80093.25,99.82%
2024-07-17,,Cash,,,,,141.25,,,,,,,,0
2024-07-18,基金,亚太精选ETF南方(159687.XSHE),多,57600股,57600股,1.353,77932.8,-230.4,1.357,-,0,-230.4,57600股,-0.29%,78058.82,99.84%
2024-07-18,,Cash,,,,,126.02,,,,,,,,0
2024-07-19,基金,印度基金LOF(164824.XSHE),多,45300股,45300股,1.672,75741.6,-860.7,1.691,-,0,-860.7,45300股,-1.12%,75800.4,99.92%
2024-07-19,,Cash,,,,,58.8,,,,,,,,0
2024-07-22,基金,纳指生物(513290.XSHG),多,58200股,58200股,1.285,74787,174.6,1.282,-,0,174.6,58200股,0.23%,74872.87,99.89%
2024-07-22,,Cash,,,,,85.87,,,,,,,,0
2024-07-23,基金,纳指生物(513290.XSHG),多,58200股,58200股,1.318,76707.6,2095.2,1.282,-,0,1920.6,0股,2.81%,76793.47,99.89%
2024-07-23,,Cash,,,,,85.87,,,,,,,,0
2024-07-24,基金,标普生物科技ETF嘉实(159502.XSHE),多,69000股,69000股,1.082,74658,-552,1.09,-,0,-552,69000股,-0.73%,74655.04,100%
2024-07-24,,Cash,,,,,-2.96,,,,,,,,0
2024-07-25,基金,标普生物科技ETF嘉实(159502.XSHE),多,69000股,69000股,1.081,74589,-621,1.09,-,0,-69,0股,-0.83%,74586.04,100%
2024-07-25,,Cash,,,,,-2.96,,,,,,,,0
2024-07-26,基金,标普生物科技ETF嘉实(159502.XSHE),多,69000股,69000股,1.114,76866,1656,1.09,-,0,2277,0股,2.2%,76863.04,100%
2024-07-26,,Cash,,,,,-2.96,,,,,,,,0
2024-07-29,基金,标普生物科技ETF嘉实(159502.XSHE),多,69000股,69000股,1.117,77073,1863,1.09,-,0,207,0股,2.48%,77070.04,100%
2024-07-29,,Cash,,,,,-2.96,,,,,,,,0
2024-07-30,基金,标普生物科技ETF嘉实(159502.XSHE),多,69000股,69000股,1.092,75348,138,1.09,-,0,-1725,0股,0.18%,75345.04,100%
2024-07-30,,Cash,,,,,-2.96,,,,,,,,0
2024-07-31,基金,纳指生物(513290.XSHG),多,57600股,57600股,1.305,75168,633.6,1.294,-,0,633.6,57600股,0.85%,75273.72,99.86%
2024-07-31,,Cash,,,,,105.72,,,,,,,,0
2024-08-01,基金,纳指生物(513290.XSHG),多,57600股,57600股,1.299,74822.4,288,1.294,-,0,-345.6,0股,0.39%,74928.12,99.86%
2024-08-01,,Cash,,,,,105.72,,,,,,,,0
2024-08-02,基金,银华日利(511880.XSHG),多,700股,700股,101.069,70748.3,-1.4,101.071,-,0,-1.4,700股,-0%,73126.74,96.75%
2024-08-02,,Cash,,,,,2378.44,,,,,,,,0
2024-08-05,基金,银华日利(511880.XSHG),多,700股,700股,101.079,70755.3,5.6,101.071,-,0,7,0股,0.01%,73133.74,96.75%
2024-08-05,,Cash,,,,,2378.44,,,,,,,,0
2024-08-06,基金,银华日利(511880.XSHG),多,700股,700股,101.079,70755.3,5.6,101.071,-,0,0,0股,0.01%,73133.74,96.75%
2024-08-06,,Cash,,,,,2378.44,,,,,,,,0
2024-08-07,基金,银华日利(511880.XSHG),多,700股,700股,101.084,70758.8,9.1,101.071,-,0,3.5,0股,0.01%,73137.24,96.75%
2024-08-07,,Cash,,,,,2378.44,,,,,,,,0
2024-08-08,基金,银华日利(511880.XSHG),多,700股,700股,101.079,70755.3,5.6,101.071,-,0,-3.5,0股,0.01%,73133.74,96.75%
2024-08-08,,Cash,,,,,2378.44,,,,,,,,0
2024-08-09,基金,银华日利(511880.XSHG),多,700股,700股,101.095,70766.5,16.8,101.071,-,0,11.2,0股,0.02%,73144.94,96.75%
2024-08-09,,Cash,,,,,2378.44,,,,,,,,0
2024-08-12,基金,银华日利(511880.XSHG),多,700股,700股,101.099,70769.3,19.6,101.071,-,0,2.8,0股,0.03%,73147.74,96.75%
2024-08-12,,Cash,,,,,2378.44,,,,,,,,0
2024-08-13,基金,银华日利(511880.XSHG),多,700股,700股,101.101,70770.7,21,101.071,-,0,1.4,0股,0.03%,73149.14,96.75%
2024-08-13,,Cash,,,,,2378.44,,,,,,,,0
2024-08-14,基金,银华日利(511880.XSHG),多,700股,700股,101.103,70772.1,22.4,101.071,-,0,1.4,0股,0.03%,73150.54,96.75%
2024-08-14,,Cash,,,,,2378.44,,,,,,,,0
2024-08-15,基金,银华日利(511880.XSHG),多,700股,700股,101.106,70774.2,24.5,101.071,-,0,2.1,0股,0.03%,73152.64,96.75%
2024-08-15,,Cash,,,,,2378.44,,,,,,,,0
2024-08-16,基金,银华日利(511880.XSHG),多,700股,700股,101.121,70784.7,35,101.071,-,0,10.5,0股,0.05%,73163.14,96.75%
2024-08-16,,Cash,,,,,2378.44,,,,,,,,0
2024-08-19,基金,银华日利(511880.XSHG),多,700股,700股,101.122,70785.4,35.7,101.071,-,0,0.7,0股,0.05%,73163.84,96.75%
2024-08-19,,Cash,,,,,2378.44,,,,,,,,0
2024-08-20,基金,银华日利(511880.XSHG),多,700股,700股,101.129,70790.3,40.6,101.071,-,0,4.9,0股,0.06%,73168.74,96.75%
2024-08-20,,Cash,,,,,2378.44,,,,,,,,0
2024-08-21,基金,银华日利(511880.XSHG),多,700股,700股,101.127,70788.9,39.2,101.071,-,0,-1.4,0股,0.06%,73167.34,96.75%
2024-08-21,,Cash,,,,,2378.44,,,,,,,,0
2024-08-22,基金,银华日利(511880.XSHG),多,700股,700股,101.14,70798,48.3,101.071,-,0,9.1,0股,0.07%,73176.44,96.75%
2024-08-22,,Cash,,,,,2378.44,,,,,,,,0
2024-08-23,基金,银华日利(511880.XSHG),多,700股,700股,101.144,70800.8,51.1,101.071,-,0,2.8,0股,0.07%,73179.24,96.75%
2024-08-23,,Cash,,,,,2378.44,,,,,,,,0
2024-08-26,基金,黄金ETF(518880.XSHG),多,13200股,13200股,5.538,73101.6,158.4,5.526,-,0,158.4,13200股,0.22%,73321.17,99.7%
2024-08-26,,Cash,,,,,219.57,,,,,,,,0
2024-08-27,基金,黄金ETF(518880.XSHG),多,13200股,13200股,5.534,73048.8,105.6,5.526,-,0,-52.8,0股,0.14%,73268.37,99.7%
2024-08-27,,Cash,,,,,219.57,,,,,,,,0
2024-08-28,基金,东南亚(513730.XSHG),多,61200股,61200股,1.199,73378.8,183.6,1.196,-,0,183.6,61200股,0.25%,73463.74,99.88%
2024-08-28,,Cash,,,,,84.94,,,,,,,,0
2024-08-29,基金,黄金ETF(518880.XSHG),多,13100股,13100股,5.535,72508.5,-104.8,5.543,-,0,-104.8,13100股,-0.14%,72915.98,99.44%
2024-08-29,,Cash,,,,,407.48,,,,,,,,0
2024-08-30,基金,恒生通(513660.XSHG),多,33400股,33400股,2.166,72344.4,-133.6,2.17,-,0,-133.6,33400股,-0.18%,72466.61,99.83%
2024-08-30,,Cash,,,,,122.21,,,,,,,,0
2024-09-02,基金,银华日利(511880.XSHG),多,700股,700股,101.189,70832.3,6.3,101.18,-,0,6.3,700股,0.01%,71156.13,99.54%
2024-09-02,,Cash,,,,,323.83,,,,,,,,0
2024-09-03,基金,标普信息科技LOF(161128.XSHE),多,14300股,14300股,4.943,70684.9,-214.5,4.958,-,0,-214.5,14300股,-0.3%,70916.96,99.67%
2024-09-03,,Cash,,,,,232.06,,,,,,,,0
2024-09-04,基金,银华日利(511880.XSHG),多,600股,600股,101.187,60712.2,0.6,101.186,-,0,0.6,600股,0%,67143.89,90.42%
2024-09-04,,Cash,,,,,6431.69,,,,,,,,0
2024-09-05,基金,标普消费ETF景顺(159529.XSHE),多,60300股,60300股,1.112,67053.6,-60.3,1.113,-,0,-60.3,60300股,-0.09%,67069.01,99.98%
2024-09-05,,Cash,,,,,15.41,,,,,,,,0
2024-09-06,基金,德国ETF(513030.XSHG),多,48300股,48300股,1.393,67281.9,-96.6,1.395,-,0,-96.6,48300股,-0.14%,67320.73,99.94%
2024-09-06,,Cash,,,,,38.83,,,,,,,,0
2024-09-09,基金,银华日利(511880.XSHG),多,600股,600股,101.199,60719.4,-3,101.204,-,0,-3,600股,-0%,66483.91,91.33%
2024-09-09,,Cash,,,,,5764.51,,,,,,,,0
2024-09-10,基金,标普消费ETF景顺(159529.XSHE),多,59300股,59300股,1.12,66416,0,1.12,-,0,0,59300股,0%,66469.4,99.92%
2024-09-10,,Cash,,,,,53.4,,,,,,,,0
2024-09-11,基金,标普消费ETF景顺(159529.XSHE),多,59300股,59300股,1.125,66712.5,296.5,1.12,-,0,296.5,0股,0.45%,66765.9,99.92%
2024-09-11,,Cash,,,,,53.4,,,,,,,,0
2024-09-12,基金,银华日利(511880.XSHG),多,600股,600股,101.203,60721.8,-3.6,101.209,-,0,-3.6,600股,-0.01%,67046.03,90.57%
2024-09-12,,Cash,,,,,6324.23,,,,,,,,0
2024-09-13,基金,标普消费ETF景顺(159529.XSHE),多,58900股,58900股,1.138,67028.2,0,1.138,-,0,0,58900股,0%,67044.05,99.98%
2024-09-13,,Cash,,,,,15.85,,,,,,,,0
2024-09-18,基金,豆粕ETF华夏(159985.XSHE),多,33800股,33800股,1.991,67295.8,371.8,1.98,-,0,371.8,33800股,0.56%,67402.45,99.84%
2024-09-18,,Cash,,,,,106.65,,,,,,,,0
2024-09-19,基金,证券保险(512070.XSHG),多,110600股,0股,0.598,66138.8,-110.6,0.599,-,0,-110.6,110600股,-0.17%,66163.21,99.96%
2024-09-19,,Cash,,,,,24.41,,,,,,,,0
2024-09-20,基金,家电ETF国泰(159996.XSHE),多,60600股,0股,1.095,66357,545.4,1.086,-,0,545.4,60600股,0.83%,66363.65,99.99%
2024-09-20,,Cash,,,,,6.65,,,,,,,,0
2024-09-23,基金,家电ETF国泰(159996.XSHE),多,60600股,60600股,1.1,66660,848.4,1.086,-,0,303,0股,1.29%,66666.65,99.99%
2024-09-23,,Cash,,,,,6.65,,,,,,,,0
2024-09-24,基金,豆粕ETF华夏(159985.XSHE),多,34500股,34500股,1.967,67861.5,207,1.961,-,0,207,34500股,0.31%,68011.5,99.78%
2024-09-24,,Cash,,,,,150,,,,,,,,0
2024-09-25,基金,HK创新药(513120.XSHG),多,97400股,97400股,0.687,66913.8,-584.4,0.693,-,0,-584.4,97400股,-0.87%,66930.61,99.97%
2024-09-25,,Cash,,,,,16.81,,,,,,,,0
2024-09-26,基金,金融科技ETF华宝(159851.XSHE),多,78700股,0股,0.909,71538.3,3305.4,0.867,-,0,3305.4,78700股,4.84%,71585.96,99.93%
2024-09-26,,Cash,,,,,47.66,,,,,,,,0
2024-09-27,基金,金融科技ETF华宝(159851.XSHE),多,78700股,78700股,1,78700,10467.1,0.867,-,0,7161.7,0股,15.34%,78747.66,99.94%
2024-09-27,,Cash,,,,,47.66,,,,,,,,0
2024-09-30,基金,金融科技ETF华宝(159851.XSHE),多,78700股,78700股,1.1,86570,18337.1,0.867,-,0,7870,0股,26.87%,86617.66,99.94%
2024-09-30,,Cash,,,,,47.66,,,,,,,,0
2024-10-08,基金,金融科技ETF华宝(159851.XSHE),多,78700股,78700股,1.21,95227,26994.1,0.867,-,0,8657,0股,39.56%,95274.66,99.95%
2024-10-08,,Cash,,,,,47.66,,,,,,,,0
2024-10-09,基金,金融科技ETF华宝(159851.XSHE),多,78700股,78700股,1.331,104749.7,36516.8,0.867,-,0,9522.7,0股,53.52%,104797.36,99.95%
2024-10-09,,Cash,,,,,47.66,,,,,,,,0
2024-10-10,基金,有色ETF大成(159980.XSHE),多,58700股,58700股,1.701,99848.7,-528.3,1.71,-,0,-528.3,58700股,-0.53%,99841.79,100%
2024-10-10,,Cash,,,,,-6.91,,,,,,,,0
2024-10-11,基金,有色ETF大成(159980.XSHE),多,58700股,58700股,1.708,100259.6,-117.4,1.71,-,0,410.9,0股,-0.12%,100252.69,100%
2024-10-11,,Cash,,,,,-6.91,,,,,,,,0
2024-10-14,基金,国信价值(512040.XSHG),多,105500股,0股,0.957,100963.5,211,0.955,-,0,211,105500股,0.21%,100971.84,99.99%
2024-10-14,,Cash,,,,,8.34,,,,,,,,0
2024-10-15,基金,黄金ETF(518880.XSHG),多,17200股,17200股,5.799,99742.8,120.4,5.792,-,0,120.4,17200股,0.12%,100122.77,99.62%
2024-10-15,,Cash,,,,,379.97,,,,,,,,0
2024-10-16,基金,红利低波(512890.XSHG),多,91200股,0股,1.108,101049.6,91.2,1.107,-,0,91.2,91200股,0.09%,101053.82,100%
2024-10-16,,Cash,,,,,4.22,,,,,,,,0
2024-10-17,基金,黄金ETF(518880.XSHG),多,17000股,17000股,5.905,100385,153,5.896,-,0,153,17000股,0.15%,100913.12,99.48%
2024-10-17,,Cash,,,,,528.12,,,,,,,,0
2024-10-18,基金,黄金股(517520.XSHG),多,83200股,0股,1.229,102252.8,83.2,1.228,-,0,83.2,83200股,0.08%,102250.93,100%
2024-10-18,,Cash,,,,,-1.87,,,,,,,,0
2024-10-21,基金,恒生股息(513690.XSHG),多,117100股,117100股,0.896,104921.6,-351.3,0.899,-,0,-351.3,117100股,-0.33%,104956.97,99.97%
2024-10-21,,Cash,,,,,35.37,,,,,,,,0
2024-10-22,基金,恒生消费(513970.XSHG),多,124100股,124100股,0.846,104988.6,0,0.846,-,0,0,124100股,0%,105053.07,99.94%
2024-10-22,,Cash,,,,,64.47,,,,,,,,0
2024-10-23,基金,消费ETF汇添富(159928.XSHE),多,127200股,0股,0.836,106339.2,-763.2,0.842,-,0,-763.2,127200股,-0.71%,106378.15,99.96%
2024-10-23,,Cash,,,,,38.95,,,,,,,,0
2024-10-24,基金,创新药ETF银华(159992.XSHE),多,144100股,0股,0.728,104904.8,-288.2,0.73,-,0,-288.2,144100股,-0.27%,104924.11,99.98%
2024-10-24,,Cash,,,,,19.31,,,,,,,,0
2024-10-25,基金,180ETF(510180.XSHG),多,27900股,0股,3.789,105713.1,-390.6,3.803,-,0,-390.6,27900股,-0.37%,105953.27,99.77%
2024-10-25,,Cash,,,,,240.17,,,,,,,,0
2024-10-28,基金,恒指科技(513180.XSHG),多,170900股,170900股,0.622,106299.8,683.6,0.618,-,0,683.6,170900股,0.65%,106336.76,99.97%
2024-10-28,,Cash,,,,,36.96,,,,,,,,0
2024-10-29,基金,深证100ETF易方达(159901.XSHE),多,38200股,0股,2.798,106883.6,-305.6,2.806,-,0,-305.6,38200股,-0.29%,107035.11,99.86%
2024-10-29,,Cash,,,,,151.51,,,,,,,,0
2024-10-30,基金,机器人(562500.XSHG),多,147800股,0股,0.721,106563.8,739,0.716,-,0,739,147800股,0.7%,106568.76,100%
2024-10-30,,Cash,,,,,4.96,,,,,,,,0
2024-10-31,基金,科创100F(588220.XSHG),多,118800股,0股,0.894,106207.2,475.2,0.89,-,0,475.2,118800股,0.45%,106283.8,99.93%
2024-10-31,,Cash,,,,,76.6,,,,,,,,0
2024-11-01,基金,新能源(516160.XSHG),多,48300股,0股,2.14,103362,-966,2.16,-,0,-966,48300股,-0.93%,103396.14,99.97%
2024-11-01,,Cash,,,,,34.14,,,,,,,,0
2024-11-04,基金,军工ETF(512660.XSHG),多,95800股,0股,1.079,103368.2,0,1.079,-,0,0,95800股,0%,103423.76,99.95%
2024-11-04,,Cash,,,,,55.56,,,,,,,,0
2024-11-05,基金,新能源(516160.XSHG),多,49600股,0股,2.217,109963.2,347.2,2.21,-,0,347.2,49600股,0.32%,110071.83,99.9%
2024-11-05,,Cash,,,,,108.63,,,,,,,,0
2024-11-06,基金,半导体设备ETF国泰(159516.XSHE),多,98800股,0股,1.103,108976.4,-2272.4,1.126,-,0,-2272.4,98800股,-2.04%,108967.59,100%
2024-11-06,,Cash,,,,,-8.81,,,,,,,,0
2024-11-07,基金,芯片设备(561980.XSHG),多,81900股,0股,1.373,112448.7,2620.8,1.341,-,0,2620.8,81900股,2.39%,112554.41,99.91%
2024-11-07,,Cash,,,,,105.71,,,,,,,,0
2024-11-08,基金,半导体(512480.XSHG),多,109100股,0股,1.056,115209.6,-763.7,1.063,-,0,-763.7,109100股,-0.66%,115289.22,99.93%
2024-11-08,,Cash,,,,,79.62,,,,,,,,0
2024-11-11,基金,计算机ETF天弘(159998.XSHE),多,122500股,0股,1.006,123235,1470,0.994,-,0,1470,122500股,1.21%,123280.86,99.96%
2024-11-11,,Cash,,,,,45.86,,,,,,,,0
2024-11-12,基金,云计算(516510.XSHG),多,97000股,0股,1.238,120086,-1455,1.253,-,0,-1455,97000股,-1.2%,120086.56,100%
2024-11-12,,Cash,,,,,0.56,,,,,,,,0
2024-11-13,基金,证券ETF(512880.XSHG),多,96200股,0股,1.286,123713.2,962,1.276,-,0,962,96200股,0.78%,123740,99.98%
2024-11-13,,Cash,,,,,26.8,,,,,,,,0
2024-11-14,基金,地产ETF(512200.XSHG),多,73800股,0股,1.649,121696.2,-1697.4,1.672,-,0,-1697.4,73800股,-1.38%,121729.32,99.97%
2024-11-14,,Cash,,,,,33.12,,,,,,,,0
2024-11-15,基金,香港证券(513090.XSHG),多,76200股,76200股,1.518,115671.6,-4114.8,1.572,-,0,-4114.8,76200股,-3.44%,115745.56,99.94%
2024-11-15,,Cash,,,,,73.96,,,,,,,,0
2024-11-18,基金,1000ETF(512100.XSHG),多,47400股,0股,2.43,115182,-1943.4,2.471,-,0,-1943.4,47400股,-1.66%,115226.53,99.96%
2024-11-18,,Cash,,,,,44.53,,,,,,,,0
2024-11-19,基金,稀土基金(516150.XSHG),多,107700股,0股,1.094,117823.8,2800.2,1.068,-,0,2800.2,107700股,2.43%,117861.53,99.97%
2024-11-19,,Cash,,,,,37.73,,,,,,,,0
2024-11-20,基金,半导体设备ETF国泰(159516.XSHE),多,104600股,0股,1.143,119557.8,104.6,1.142,-,0,104.6,104600股,0.09%,119557.74,100%
2024-11-20,,Cash,,,,,-0.06,,,,,,,,0
2024-11-21,基金,半导体设备ETF国泰(159516.XSHE),多,104600股,104600股,1.145,119767,313.8,1.142,-,0,209.2,0股,0.26%,119766.94,100%
2024-11-21,,Cash,,,,,-0.06,,,,,,,,0
2024-11-22,基金,油气ETF(513350.XSHG),多,109200股,109200股,1.091,119137.2,436.8,1.087,-,0,436.8,109200股,0.37%,119134,100%
2024-11-22,,Cash,,,,,-3.2,,,,,,,,0
2024-11-25,基金,华宝油气LOF(162411.XSHE),多,145200股,145200股,0.828,120225.6,145.2,0.827,-,0,145.2,145200股,0.12%,120237.98,99.99%
2024-11-25,,Cash,,,,,12.38,,,,,,,,0
2024-11-26,基金,华宝油气LOF(162411.XSHE),多,145200股,145200股,0.809,117466.8,-2613.6,0.827,-,0,-2758.8,0股,-2.18%,117479.18,99.99%
2024-11-26,,Cash,,,,,12.38,,,,,,,,0
2024-11-27,基金,标普油气ETF嘉实(159518.XSHE),多,113900股,113900股,1.026,116861.4,-113.9,1.027,-,0,-113.9,113900股,-0.1%,116906.27,99.96%
2024-11-27,,Cash,,,,,44.87,,,,,,,,0
2024-11-28,基金,海外科技LOF(501312.XSHG),多,70700股,70700股,1.66,117362,636.3,1.651,-,0,636.3,70700股,0.55%,117405.33,99.96%
2024-11-28,,Cash,,,,,43.33,,,,,,,,0
2024-11-29,基金,油气ETF(513350.XSHG),多,108700股,108700股,1.076,116961.2,0,1.076,-,0,0,108700股,0%,117028.43,99.94%
2024-11-29,,Cash,,,,,67.23,,,,,,,,0
2024-12-02,基金,美国消费LOF(162415.XSHE),多,40000股,40000股,2.907,116280,-640,2.923,-,0,-640,40000股,-0.55%,116365.04,99.93%
2024-12-02,,Cash,,,,,85.04,,,,,,,,0
2024-12-03,基金,标普油气ETF嘉实(159518.XSHE),多,114300股,114300股,1.027,117386.1,342.9,1.024,-,0,342.9,114300股,0.29%,117404.54,99.98%
2024-12-03,,Cash,,,,,18.44,,,,,,,,0
2024-12-04,基金,标普500(513500.XSHG),多,52700股,52700股,2.217,116835.9,52.7,2.216,-,0,52.7,52700股,0.05%,116862.38,99.98%
2024-12-04,,Cash,,,,,26.48,,,,,,,,0
2024-12-05,基金,标普500(513500.XSHG),多,52700股,52700股,2.233,117679.1,895.9,2.216,-,0,843.2,0股,0.77%,117705.58,99.98%
2024-12-05,,Cash,,,,,26.48,,,,,,,,0
2024-12-06,基金,标普500(513500.XSHG),多,52700股,52700股,2.228,117415.6,632.4,2.216,-,0,-263.5,0股,0.54%,117442.08,99.98%
2024-12-06,,Cash,,,,,26.48,,,,,,,,0
2024-12-09,基金,海外科技LOF(501312.XSHG),多,66400股,66400股,1.767,117328.8,66.4,1.766,-,0,66.4,66400股,0.06%,117485.01,99.87%
2024-12-09,,Cash,,,,,156.21,,,,,,,,0
2024-12-10,基金,标普消费ETF景顺(159529.XSHE),多,83000股,83000股,1.386,115038,166,1.384,-,0,166,83000股,0.14%,115038.45,100%
2024-12-10,,Cash,,,,,0.45,,,,,,,,0
2024-12-11,基金,标普消费ETF景顺(159529.XSHE),多,83000股,83000股,1.391,115453,581,1.384,-,0,415,0股,0.51%,115453.45,100%
2024-12-11,,Cash,,,,,0.45,,,,,,,,0
2024-12-12,基金,标普消费ETF景顺(159529.XSHE),多,83000股,83000股,1.397,115951,1079,1.384,-,0,498,0股,0.94%,115951.45,100%
2024-12-12,,Cash,,,,,0.45,,,,,,,,0
2024-12-13,基金,标普消费ETF景顺(159529.XSHE),多,83000股,83000股,1.396,115868,996,1.384,-,0,-83,0股,0.87%,115868.45,100%
2024-12-13,,Cash,,,,,0.45,,,,,,,,0
2024-12-16,基金,标普消费ETF景顺(159529.XSHE),多,83000股,83000股,1.404,116532,1660,1.384,-,0,664,0股,1.45%,116532.45,100%
2024-12-16,,Cash,,,,,0.45,,,,,,,,0
2024-12-17,基金,美国消费LOF(162415.XSHE),多,39100股,39100股,3.11,121601,-156.4,3.114,-,0,-156.4,39100股,-0.13%,121829.67,99.81%
2024-12-17,,Cash,,,,,228.67,,,,,,,,0
2024-12-18,基金,纳指ETF广发(159941.XSHE),多,96900股,96900股,1.266,122675.4,872.1,1.257,-,0,872.1,96900股,0.72%,122755.62,99.93%
2024-12-18,,Cash,,,,,80.22,,,,,,,,0
2024-12-19,基金,机器人(562500.XSHG),多,146000股,0股,0.815,118990,-146,0.816,-,0,-146,146000股,-0.12%,119000.5,99.99%
2024-12-19,,Cash,,,,,10.5,,,,,,,,0
2024-12-20,基金,传媒ETF(512980.XSHG),多,142400股,0股,0.854,121609.6,142.4,0.853,-,0,142.4,142400股,0.12%,121600.61,100%
2024-12-20,,Cash,,,,,-8.99,,,,,,,,0
2024-12-23,基金,纳指ETF广发(159941.XSHE),多,94200股,94200股,1.251,117844.2,1036.2,1.24,-,0,1036.2,94200股,0.89%,117914.24,99.94%
2024-12-23,,Cash,,,,,70.04,,,,,,,,0
2024-12-24,基金,纳指ETF广发(159941.XSHE),多,94200股,94200股,1.25,117750,942,1.24,-,0,-94.2,0股,0.81%,117820.04,99.94%
2024-12-24,,Cash,,,,,70.04,,,,,,,,0
2024-12-25,基金,纳指ETF广发(159941.XSHE),多,94200股,94200股,1.261,118786.2,1978.2,1.24,-,0,1036.2,0股,1.69%,118856.24,99.94%
2024-12-25,,Cash,,,,,70.04,,,,,,,,0
2024-12-26,基金,标普消费ETF景顺(159529.XSHE),多,73500股,73500股,1.651,121348.5,2352,1.619,-,0,2352,73500股,1.98%,121372.84,99.98%
2024-12-26,,Cash,,,,,24.34,,,,,,,,0
2024-12-27,基金,标普消费ETF景顺(159529.XSHE),多,73500股,73500股,1.586,116571,-2425.5,1.619,-,0,-4777.5,0股,-2.04%,116595.34,99.98%
2024-12-27,,Cash,,,,,24.34,,,,,,,,0
2024-12-30,基金,5GETF(515050.XSHG),多,99800股,0股,1.184,118163.2,-99.8,1.185,-,0,-99.8,99800股,-0.08%,118162.39,100%
2024-12-30,,Cash,,,,,-0.81,,,,,,,,0
2024-12-31,基金,国新红利(520990.XSHG),多,119300股,119300股,0.953,113692.9,-1073.7,0.962,-,0,-1073.7,119300股,-0.94%,113772.32,99.93%
2024-12-31,,Cash,,,,,79.42,,,,,,,,0
2025-01-02,基金,标普消费ETF景顺(159529.XSHE),多,73000股,73000股,1.547,112931,876,1.535,-,0,876,73000股,0.78%,112955.72,99.98%
2025-01-02,,Cash,,,,,24.72,,,,,,,,0
2025-01-03,基金,标普消费ETF景顺(159529.XSHE),多,73000股,73000股,1.47,107310,-4745,1.535,-,0,-5621,0股,-4.23%,107334.72,99.98%
2025-01-03,,Cash,,,,,24.72,,,,,,,,0
2025-01-06,基金,纳指科技ETF景顺(159509.XSHE),多,69200股,69200股,1.66,114872,484.4,1.653,-,0,484.4,69200股,0.42%,114950.23,99.93%
2025-01-06,,Cash,,,,,78.23,,,,,,,,0
2025-01-07,基金,纳指科技ETF景顺(159509.XSHE),多,69200股,69200股,1.661,114941.2,553.6,1.653,-,0,69.2,0股,0.48%,115019.43,99.93%
2025-01-07,,Cash,,,,,78.23,,,,,,,,0
2025-01-08,基金,纳指科技ETF景顺(159509.XSHE),多,69200股,69200股,1.649,114110.8,-276.8,1.653,-,0,-830.4,0股,-0.24%,114189.03,99.93%
2025-01-08,,Cash,,,,,78.23,,,,,,,,0
2025-01-09,基金,中韩芯片(513310.XSHG),多,74500股,74500股,1.509,112420.5,-670.5,1.518,-,0,-670.5,74500股,-0.59%,112527.11,99.91%
2025-01-09,,Cash,,,,,106.61,,,,,,,,0
2025-01-10,基金,南方原油(501018.XSHG),多,87600股,87600股,1.291,113091.6,438,1.286,-,0,438,87600股,0.39%,113166.08,99.93%
2025-01-10,,Cash,,,,,74.48,,,,,,,,0
2025-01-13,基金,银华日利(511880.XSHG),多,1100股,1100股,100.103,110113.3,-7.7,100.11,-,0,-7.7,1100股,-0.01%,117690.8,93.56%
2025-01-13,,Cash,,,,,7577.5,,,,,,,,0
2025-01-14,基金,油气ETF(513350.XSHG),多,101200股,101200股,1.148,116177.6,-1416.8,1.162,-,0,-1416.8,101200股,-1.2%,116235.83,99.95%
2025-01-14,,Cash,,,,,58.23,,,,,,,,0
2025-01-15,基金,标普油气ETF嘉实(159518.XSHE),多,104100股,104100股,1.166,121380.6,5309.1,1.115,-,0,5309.1,104100股,4.57%,121420.52,99.97%
2025-01-15,,Cash,,,,,39.92,,,,,,,,0
2025-01-16,基金,标普油气ETF嘉实(159518.XSHE),多,104100股,104100股,1.166,121380.6,5309.1,1.115,-,0,0,0股,4.57%,121420.52,99.97%
2025-01-16,,Cash,,,,,39.92,,,,,,,,0
2025-01-17,基金,沙特ETF(520830.XSHG),多,105100股,105100股,1.189,124963.9,-840.8,1.197,-,0,-840.8,105100股,-0.67%,125030.85,99.95%
2025-01-17,,Cash,,,,,66.95,,,,,,,,0
2025-01-20,基金,沙特ETF(520830.XSHG),多,105100股,105100股,1.187,124753.7,-1051,1.197,-,0,-210.2,0股,-0.84%,124820.65,99.95%
2025-01-20,,Cash,,,,,66.95,,,,,,,,0
2025-01-21,基金,德国ETF(513030.XSHG),多,73200股,73200股,1.726,126343.2,1610.4,1.704,-,0,1610.4,73200股,1.29%,126406.1,99.95%
2025-01-21,,Cash,,,,,62.9,,,,,,,,0
2025-01-22,基金,德国ETF(513030.XSHG),多,73200股,73200股,1.815,132858,8125.2,1.704,-,0,6514.8,0股,6.51%,132920.9,99.95%
2025-01-22,,Cash,,,,,62.9,,,,,,,,0
2025-01-23,基金,德国ETF(513030.XSHG),多,73200股,73200股,1.815,132858,8125.2,1.704,-,0,0,0股,6.51%,132920.9,99.95%
2025-01-23,,Cash,,,,,62.9,,,,,,,,0
2025-01-24,基金,法国ETF(513080.XSHG),多,74800股,74800股,1.797,134415.6,0,1.797,-,0,0,74800股,-0%,134577.61,99.88%
2025-01-24,,Cash,,,,,162.01,,,,,,,,0
2025-01-27,基金,豆粕ETF华夏(159985.XSHE),多,66400股,66400股,1.91,126824,929.6,1.896,-,0,929.6,66400股,0.74%,126954.83,99.9%
2025-01-27,,Cash,,,,,130.83,,,,,,,,0
2025-02-05,基金,豆粕ETF华夏(159985.XSHE),多,66400股,66400股,1.988,132003.2,6108.8,1.896,-,0,5179.2,0股,4.85%,132134.03,99.9%
2025-02-05,,Cash,,,,,130.83,,,,,,,,0
2025-02-06,基金,豆粕ETF华夏(159985.XSHE),多,66400股,66400股,1.969,130741.6,4847.2,1.896,-,0,-1261.6,0股,3.85%,130872.43,99.9%
2025-02-06,,Cash,,,,,130.83,,,,,,,,0
2025-02-07,基金,法国ETF(513080.XSHG),多,78500股,78500股,1.671,131173.5,706.5,1.662,-,0,706.5,78500股,0.54%,131287.23,99.91%
2025-02-07,,Cash,,,,,113.73,,,,,,,,0
2025-02-10,基金,德国ETF(513030.XSHG),多,78800股,78800股,1.613,127104.4,-1812.4,1.636,-,0,-1812.4,78800股,-1.41%,127172.55,99.95%
2025-02-10,,Cash,,,,,68.15,,,,,,,,0
2025-02-11,基金,机器人(562500.XSHG),多,141500股,0股,0.906,128199,-566,0.91,-,0,-566,141500股,-0.44%,128235.6,99.97%
2025-02-11,,Cash,,,,,36.6,,,,,,,,0
2025-02-12,基金,计算机ETF天弘(159998.XSHE),多,128800股,0股,1.009,129959.2,901.6,1.002,-,0,901.6,128800股,0.7%,129960.39,100%
2025-02-12,,Cash,,,,,1.19,,,,,,,,0
2025-02-13,基金,港股消费ETF银华(159735.XSHE),多,164000股,164000股,0.776,127264,-164,0.777,-,0,-164,164000股,-0.13%,127323.69,99.95%
2025-02-13,,Cash,,,,,59.69,,,,,,,,0
2025-02-14,基金,港股消费ETF银华(159735.XSHE),多,164000股,164000股,0.791,129724,2296,0.777,-,0,2460,0股,1.8%,129783.69,99.95%
2025-02-14,,Cash,,,,,59.69,,,,,,,,0
2025-02-17,基金,恒生中国(510900.XSHG),多,121000股,121000股,1.089,131769,1210,1.079,-,0,1210,121000股,0.93%,131787.58,99.99%
2025-02-17,,Cash,,,,,18.58,,,,,,,,0
2025-02-18,基金,恒生通(513660.XSHG),多,47300股,47300股,2.811,132960.3,-1277.1,2.838,-,0,-1277.1,47300股,-0.95%,133145.62,99.86%
2025-02-18,,Cash,,,,,185.32,,,,,,,,0
2025-02-19,基金,恒生医疗(513060.XSHG),多,304900股,304900股,0.441,134460.9,304.9,0.44,-,0,304.9,304900股,0.23%,134464.3,100%
2025-02-19,,Cash,,,,,3.4,,,,,,,,0
2025-02-20,基金,科创100F(588220.XSHG),多,135900股,0股,1.006,136715.4,815.4,1,-,0,815.4,135900股,0.6%,136777.01,99.95%
2025-02-20,,Cash,,,,,61.61,,,,,,,,0
2025-02-21,基金,科创100F(588220.XSHG),多,135900股,135900股,1.042,141607.8,5707.8,1,-,0,4892.4,0股,4.2%,141669.41,99.96%
2025-02-21,,Cash,,,,,61.61,,,,,,,,0
2025-02-24,基金,科创100F(588220.XSHG),多,135900股,135900股,1.042,141607.8,5707.8,1,-,0,0,0股,4.2%,141669.41,99.96%
2025-02-24,,Cash,,,,,61.61,,,,,,,,0
2025-02-25,基金,科创100F(588220.XSHG),多,135900股,135900股,1.041,141471.9,5571.9,1,-,0,-135.9,0股,4.1%,141533.51,99.96%
2025-02-25,,Cash,,,,,61.61,,,,,,,,0
2025-02-26,基金,科创100F(588220.XSHG),多,135900股,135900股,1.062,144325.8,8425.8,1,-,0,2853.9,0股,6.2%,144387.41,99.96%
2025-02-26,,Cash,,,,,61.61,,,,,,,,0
2025-02-27,基金,科创100F(588220.XSHG),多,135900股,135900股,1.061,144189.9,8289.9,1,-,0,-135.9,0股,6.1%,144251.51,99.96%
2025-02-27,,Cash,,,,,61.61,,,,,,,,0
2025-02-28,基金,芯片设备(561980.XSHG),多,99900股,0股,1.373,137162.7,-2297.7,1.396,-,0,-2297.7,99900股,-1.65%,137169.42,100%
2025-02-28,,Cash,,,,,6.72,,,,,,,,0
2025-03-03,基金,科创新能(588830.XSHG),多,112800股,0股,1.193,134570.4,-1466.4,1.206,-,0,-1466.4,112800股,-1.08%,134676.8,99.92%
2025-03-03,,Cash,,,,,106.4,,,,,,,,0
2025-03-04,基金,钢铁ETF(515210.XSHG),多,105000股,0股,1.258,132090,210,1.256,-,0,210,105000股,0.16%,132153.23,99.95%
2025-03-04,,Cash,,,,,63.23,,,,,,,,0
2025-03-05,基金,中概互联ETF广发(159605.XSHE),多,117500股,117500股,1.122,131835,1057.5,1.113,-,0,1057.5,117500股,0.81%,131924.57,99.93%
2025-03-05,,Cash,,,,,89.57,,,,,,,,0
2025-03-06,基金,中概互联ETF广发(159605.XSHE),多,117500股,117500股,1.191,139942.5,9165,1.113,-,0,8107.5,0股,7.01%,140032.07,99.94%
2025-03-06,,Cash,,,,,89.57,,,,,,,,0
2025-03-07,基金,恒生医疗(513060.XSHG),多,305600股,305600股,0.456,139353.6,-2750.4,0.465,-,0,-2750.4,305600股,-1.94%,139368.25,99.99%
2025-03-07,,Cash,,,,,14.65,,,,,,,,0
2025-03-10,基金,恒生新药(520500.XSHG),多,116800股,116800股,1.171,136772.8,-116.8,1.172,-,0,-116.8,116800股,-0.09%,136779.27,100%
2025-03-10,,Cash,,,,,6.47,,,,,,,,0
2025-03-11,基金,恒生新药(520500.XSHG),多,116800股,116800股,1.174,137123.2,233.6,1.172,-,0,350.4,0股,0.17%,137129.67,100%
2025-03-11,,Cash,,,,,6.47,,,,,,,,0
2025-03-12,基金,恒生新药(520500.XSHG),多,116800股,116800股,1.172,136889.6,0,1.172,-,0,-233.6,0股,-0%,136896.07,100%
2025-03-12,,Cash,,,,,6.47,,,,,,,,0
2025-03-13,基金,港股通汽车ETF华夏(159323.XSHE),多,107400股,107400股,1.274,136827.6,751.8,1.267,-,0,751.8,107400股,0.55%,136919.85,99.93%
2025-03-13,,Cash,,,,,92.25,,,,,,,,0
2025-03-14,基金,港股通汽车ETF华夏(159323.XSHE),多,107400股,107400股,1.305,140157,4081.2,1.267,-,0,3329.4,0股,3%,140249.25,99.93%
2025-03-14,,Cash,,,,,92.25,,,,,,,,0
2025-03-17,基金,港股通汽车ETF华夏(159323.XSHE),多,107400股,107400股,1.298,139405.2,3329.4,1.267,-,0,-751.8,0股,2.45%,139497.45,99.93%
2025-03-17,,Cash,,,,,92.25,,,,,,,,0
2025-03-18,基金,港股通汽车ETF华夏(159323.XSHE),多,107400股,107400股,1.333,143164.2,7088.4,1.267,-,0,3759,0股,5.21%,143256.45,99.94%
2025-03-18,,Cash,,,,,92.25,,,,,,,,0
2025-03-19,基金,港股通汽车ETF华夏(159323.XSHE),多,107400股,107400股,1.324,142197.6,6121.8,1.267,-,0,-966.6,0股,4.5%,142289.85,99.94%
2025-03-19,,Cash,,,,,92.25,,,,,,,,0
2025-03-20,基金,港股通汽车ETF华夏(159323.XSHE),多,107400股,107400股,1.321,141875.4,5799.6,1.267,-,0,-322.2,0股,4.26%,141967.65,99.94%
2025-03-20,,Cash,,,,,92.25,,,,,,,,0
2025-03-21,基金,黄金股(517520.XSHG),多,105700股,0股,1.286,135930.2,-422.8,1.29,-,0,-422.8,105700股,-0.31%,135932.78,100%
2025-03-21,,Cash,,,,,2.58,,,,,,,,0
2025-03-24,基金,有色ETF(512400.XSHG),多,124400股,0股,1.102,137088.8,746.4,1.096,-,0,746.4,124400股,0.55%,137180.4,99.93%
2025-03-24,,Cash,,,,,91.6,,,,,,,,0
2025-03-25,基金,有色ETF(512400.XSHG),多,124400股,124400股,1.104,137337.6,995.2,1.096,-,0,248.8,0股,0.73%,137429.2,99.93%
2025-03-25,,Cash,,,,,91.6,,,,,,,,0
2025-03-26,基金,黄金股(517520.XSHG),多,106100股,0股,1.297,137611.7,212.2,1.295,-,0,212.2,106100股,0.15%,137613.93,100%
2025-03-26,,Cash,,,,,2.23,,,,,,,,0
2025-03-27,基金,黄金股(517520.XSHG),多,106100股,106100股,1.289,136762.9,-636.6,1.295,-,0,-848.8,0股,-0.46%,136765.13,100%
2025-03-27,,Cash,,,,,2.23,,,,,,,,0
2025-03-28,基金,黄金股(517520.XSHG),多,106100股,106100股,1.315,139521.5,2122,1.295,-,0,2758.6,0股,1.54%,139523.73,100%
2025-03-28,,Cash,,,,,2.23,,,,,,,,0
2025-03-31,基金,黄金股(517520.XSHG),多,106100股,106100股,1.323,140370.3,2970.8,1.295,-,0,848.8,0股,2.16%,140372.53,100%
2025-03-31,,Cash,,,,,2.23,,,,,,,,0
2025-04-01,基金,标普500ETF国泰(159612.XSHE),多,77400股,77400股,1.797,139087.8,-1857.6,1.821,-,0,-1857.6,77400股,-1.32%,139123.33,99.97%
2025-04-01,,Cash,,,,,35.53,,,,,,,,0
2025-04-02,基金,黄金股(517520.XSHG),多,106500股,0股,1.293,137704.5,-1065,1.303,-,0,-1065,106500股,-0.77%,137798.37,99.93%
2025-04-02,,Cash,,,,,93.87,,,,,,,,0
2025-04-03,基金,黄金股(517520.XSHG),多,106500股,106500股,1.29,137385,-1384.5,1.303,-,0,-319.5,0股,-1%,137478.87,99.93%
2025-04-03,,Cash,,,,,93.87,,,,,,,,0
2025-04-07,基金,银华日利(511880.XSHG),多,1200股,1200股,100.395,120474,-8.4,100.402,-,0,-8.4,1200股,-0.01%,123814.05,97.3%
2025-04-07,,Cash,,,,,3340.05,,,,,,,,0
2025-04-08,基金,银华日利(511880.XSHG),多,1200股,1200股,100.403,120483.6,1.2,100.402,-,0,9.6,0股,0%,123823.65,97.3%
2025-04-08,,Cash,,,,,3340.05,,,,,,,,0
2025-04-09,基金,银华日利(511880.XSHG),多,1200股,1200股,100.408,120489.6,7.2,100.402,-,0,6,0股,0.01%,123829.65,97.3%
2025-04-09,,Cash,,,,,3340.05,,,,,,,,0
2025-04-10,基金,黄金ETF(518880.XSHG),多,17200股,17200股,7.164,123220.8,68.8,7.16,-,0,68.8,17200股,0.06%,123866.88,99.48%
2025-04-10,,Cash,,,,,646.08,,,,,,,,0
2025-04-11,基金,黄金ETF(518880.XSHG),多,17200股,17200股,7.273,125095.6,1943.6,7.16,-,0,1874.8,0股,1.58%,125741.68,99.49%
2025-04-11,,Cash,,,,,646.08,,,,,,,,0
2025-04-14,基金,黄金ETF(518880.XSHG),多,17200股,17200股,7.327,126024.4,2872.4,7.16,-,0,928.8,0股,2.33%,126670.48,99.49%
2025-04-14,,Cash,,,,,646.08,,,,,,,,0
2025-04-15,基金,黄金ETF(518880.XSHG),多,17200股,17200股,7.325,125990,2838,7.16,-,0,-34.4,0股,2.3%,126636.08,99.49%
2025-04-15,,Cash,,,,,646.08,,,,,,,,0
2025-04-16,基金,黄金ETF(518880.XSHG),多,17200股,17200股,7.503,129051.6,5899.6,7.16,-,0,3061.6,0股,4.79%,129697.68,99.5%
2025-04-16,,Cash,,,,,646.08,,,,,,,,0
2025-04-17,基金,银华日利(511880.XSHG),多,1300股,1300股,100.435,130565.5,-7.8,100.441,-,0,-7.8,1300股,-0.01%,131211.77,99.51%
2025-04-17,,Cash,,,,,646.27,,,,,,,,0
2025-04-18,基金,港股小盘LOF(161124.XSHE),多,100100股,100100股,1.359,136035.9,4904.9,1.31,-,0,4904.9,100100股,3.74%,136095.7,99.96%
2025-04-18,,Cash,,,,,59.8,,,,,,,,0
2025-04-21,基金,黄金ETF(518880.XSHG),多,18900股,18900股,7.724,145983.6,699.3,7.687,-,0,699.3,18900股,0.48%,145975.14,100%
2025-04-21,,Cash,,,,,-8.46,,,,,,,,0
2025-04-22,基金,银华日利(511880.XSHG),多,1500股,1500股,100.444,150666,-9,100.45,-,0,-9,1500股,-0.01%,151020.07,99.77%
2025-04-22,,Cash,,,,,354.07,,,,,,,,0
2025-04-23,基金,银华日利(511880.XSHG),多,1500股,1500股,100.444,150666,-9,100.45,-,0,0,0股,-0.01%,151020.07,99.77%
2025-04-23,,Cash,,,,,354.07,,,,,,,,0
2025-04-24,基金,银华日利(511880.XSHG),多,1500股,1500股,100.451,150676.5,1.5,100.45,-,0,10.5,0股,0%,151030.57,99.77%
2025-04-24,,Cash,,,,,354.07,,,,,,,,0
2025-04-25,基金,银华日利(511880.XSHG),多,1500股,1500股,100.457,150685.5,10.5,100.45,-,0,9,0股,0.01%,151039.57,99.77%
2025-04-25,,Cash,,,,,354.07,,,,,,,,0
2025-04-28,基金,黄金ETF(518880.XSHG),多,20100股,20100股,7.465,150046.5,-824.1,7.506,-,0,-824.1,20100股,-0.55%,150168.81,99.92%
2025-04-28,,Cash,,,,,122.31,,,,,,,,0
2025-04-29,基金,黄金ETF(518880.XSHG),多,20100股,20100股,7.517,151091.7,221.1,7.506,-,0,1045.2,0股,0.15%,151214.01,99.92%
2025-04-29,,Cash,,,,,122.31,,,,,,,,0
2025-04-30,基金,黄金ETF(518880.XSHG),多,20100股,20100股,7.471,150167.1,-703.5,7.506,-,0,-924.6,0股,-0.47%,150289.41,99.92%
2025-04-30,,Cash,,,,,122.31,,,,,,,,0
2025-05-06,基金,黄金ETF(518880.XSHG),多,20100股,20100股,7.612,153001.2,2130.6,7.506,-,0,2834.1,0股,1.41%,153123.51,99.92%
2025-05-06,,Cash,,,,,122.31,,,,,,,,0
2025-05-07,基金,黄金ETF(518880.XSHG),多,20100股,20100股,7.671,154187.1,3316.5,7.506,-,0,1185.9,0股,2.2%,154309.41,99.92%
2025-05-07,,Cash,,,,,122.31,,,,,,,,0
2025-05-08,基金,德国ETF(513030.XSHG),多,83300股,83300股,1.848,153938.4,-166.6,1.85,-,0,-166.6,83300股,-0.11%,153931.1,100%
2025-05-08,,Cash,,,,,-7.3,,,,,,,,0
2025-05-09,基金,东南亚(513730.XSHG),多,130000股,130000股,1.204,156520,390,1.201,-,0,390,130000股,0.25%,156538.97,99.99%
2025-05-09,,Cash,,,,,18.97,,,,,,,,0
2025-05-12,基金,德国ETF(513030.XSHG),多,83100股,83100股,1.9,157890,581.7,1.893,-,0,581.7,83100股,0.37%,157999.2,99.93%
2025-05-12,,Cash,,,,,109.2,,,,,,,,0
2025-05-13,基金,德国ETF(513030.XSHG),多,83100股,83100股,1.846,153402.6,-3905.7,1.893,-,0,-4487.4,0股,-2.48%,153511.8,99.93%
2025-05-13,,Cash,,,,,109.2,,,,,,,,0
2025-05-14,基金,德国ETF(513030.XSHG),多,83100股,83100股,1.854,154067.4,-3240.9,1.893,-,0,664.8,0股,-2.06%,154176.6,99.93%
2025-05-14,,Cash,,,,,109.2,,,,,,,,0
2025-05-15,基金,德国ETF(513030.XSHG),多,83100股,83100股,1.816,150909.6,-6398.7,1.893,-,0,-3157.8,0股,-4.07%,151018.8,99.93%
2025-05-15,,Cash,,,,,109.2,,,,,,,,0
2025-05-16,基金,港股非银(513750.XSHG),多,118900股,118900股,1.303,154926.7,0,1.303,-,0,0,118900股,0%,154976.62,99.97%
2025-05-16,,Cash,,,,,49.92,,,,,,,,0
2025-05-19,基金,港股非银(513750.XSHG),多,118900股,118900股,1.301,154688.9,-237.8,1.303,-,0,-237.8,0股,-0.15%,154738.82,99.97%
2025-05-19,,Cash,,,,,49.92,,,,,,,,0
2025-05-20,基金,东南亚(513730.XSHG),多,127600股,127600股,1.225,156310,-127.6,1.226,-,0,-127.6,127600股,-0.08%,156363.42,99.97%
2025-05-20,,Cash,,,,,53.42,,,,,,,,0
2025-05-21,基金,东南亚(513730.XSHG),多,127600股,127600股,1.215,155034,-1403.6,1.226,-,0,-1276,0股,-0.9%,155087.42,99.97%
2025-05-21,,Cash,,,,,53.42,,,,,,,,0
2025-05-22,基金,东南亚(513730.XSHG),多,127600股,127600股,1.21,154396,-2041.6,1.226,-,0,-638,0股,-1.31%,154449.42,99.97%
2025-05-22,,Cash,,,,,53.42,,,,,,,,0
2025-05-23,基金,纳指科技ETF景顺(159509.XSHE),多,103100股,103100股,1.493,153928.3,-1031,1.503,-,0,-1031,103100股,-0.67%,154025.43,99.94%
2025-05-23,,Cash,,,,,97.13,,,,,,,,0
2025-05-26,基金,纳指科技ETF景顺(159509.XSHE),多,103100股,103100股,1.504,155062.4,103.1,1.503,-,0,1134.1,0股,0.07%,155159.53,99.94%
2025-05-26,,Cash,,,,,97.13,,,,,,,,0
2025-05-27,基金,纳指科技ETF景顺(159509.XSHE),多,103100股,103100股,1.522,156918.2,1958.9,1.503,-,0,1855.8,0股,1.26%,157015.33,99.94%
2025-05-27,,Cash,,,,,97.13,,,,,,,,0
2025-05-28,基金,标普消费ETF景顺(159529.XSHE),多,98500股,98500股,1.602,157797,0,1.602,-,0,0,98500股,0%,157911.66,99.93%
2025-05-28,,Cash,,,,,114.66,,,,,,,,0
2025-05-29,基金,标普消费ETF景顺(159529.XSHE),多,98500股,98500股,1.604,157994,197,1.602,-,0,197,0股,0.12%,158108.66,99.93%
2025-05-29,,Cash,,,,,114.66,,,,,,,,0
2025-05-30,基金,标普消费ETF景顺(159529.XSHE),多,98500股,98500股,1.57,154645,-3152,1.602,-,0,-3349,0股,-2%,154759.66,99.93%
2025-05-30,,Cash,,,,,114.66,,,,,,,,0
2025-06-03,基金,标普信息科技LOF(161128.XSHE),多,32200股,32200股,4.785,154077,64.4,4.783,-,0,64.4,32200股,0.04%,154399.23,99.79%
2025-06-03,,Cash,,,,,322.23,,,,,,,,0
2025-06-04,基金,标普信息科技LOF(161128.XSHE),多,32200股,32200股,4.846,156041.2,2028.6,4.783,-,0,1964.2,0股,1.32%,156363.43,99.79%
2025-06-04,,Cash,,,,,322.23,,,,,,,,0
2025-06-05,基金,HK创新药(513120.XSHG),多,148000股,148000股,1.056,156288,-148,1.057,-,0,-148,148000股,-0.09%,156345.17,99.96%
2025-06-05,,Cash,,,,,57.17,,,,,,,,0
2025-06-06,基金,HK创新药(513120.XSHG),多,148000股,148000股,1.08,159840,3404,1.057,-,0,3552,0股,2.18%,159897.17,99.96%
2025-06-06,,Cash,,,,,57.17,,,,,,,,0
2025-06-09,基金,恒生新药(520500.XSHG),多,107500股,107500股,1.553,166947.5,645,1.547,-,0,645,107500股,0.39%,167020.91,99.96%
2025-06-09,,Cash,,,,,73.41,,,,,,,,0
2025-06-10,基金,创新药(515120.XSHG),多,281200股,0股,0.614,172656.8,-562.4,0.616,-,0,-562.4,281200股,-0.32%,172658.87,100%
2025-06-10,,Cash,,,,,2.07,,,,,,,,0
2025-06-11,基金,创新药ETF银华(159992.XSHE),多,210200股,0股,0.814,171102.8,210.2,0.813,-,0,210.2,210200股,0.12%,171147.68,99.97%
2025-06-11,,Cash,,,,,44.88,,,,,,,,0
2025-06-12,基金,创新药ETF银华(159992.XSHE),多,210200股,210200股,0.837,175937.4,5044.8,0.813,-,0,4834.6,0股,2.95%,175982.28,99.97%
2025-06-12,,Cash,,,,,44.88,,,,,,,,0
2025-06-13,基金,创新药ETF银华(159992.XSHE),多,210200股,210200股,0.818,171943.6,1051,0.813,-,0,-3993.8,0股,0.62%,171988.48,99.97%
2025-06-13,,Cash,,,,,44.88,,,,,,,,0
2025-06-16,基金,创新药ETF银华(159992.XSHE),多,210200股,210200股,0.816,171523.2,630.6,0.813,-,0,-420.4,0股,0.37%,171568.08,99.97%
2025-06-16,,Cash,,,,,44.88,,,,,,,,0
2025-06-17,基金,游戏ETF华夏(159869.XSHE),多,137700股,0股,1.213,167030.1,-413.1,1.216,-,0,-413.1,137700股,-0.25%,167127.68,99.94%
2025-06-17,,Cash,,,,,97.58,,,,,,,,0
2025-06-18,基金,游戏ETF华夏(159869.XSHE),多,137700股,137700股,1.207,166203.9,-1239.3,1.216,-,0,-826.2,0股,-0.74%,166301.48,99.94%
2025-06-18,,Cash,,,,,97.58,,,,,,,,0
2025-06-19,基金,游戏ETF华夏(159869.XSHE),多,137700股,137700股,1.198,164964.6,-2478.6,1.216,-,0,-1239.3,0股,-1.48%,165062.18,99.94%
2025-06-19,,Cash,,,,,97.58,,,,,,,,0
2025-06-20,基金,通信ETF(515880.XSHG),多,120600股,0股,1.342,161845.2,-120.6,1.343,-,0,-120.6,120600股,-0.07%,161879.79,99.98%
2025-06-20,,Cash,,,,,34.59,,,,,,,,0
2025-06-23,基金,恒生医药ETF华夏(159892.XSHE),多,225200股,225200股,0.72,162144,2252,0.71,-,0,2252,225200股,1.41%,162170.21,99.98%
2025-06-23,,Cash,,,,,26.21,,,,,,,,0
2025-06-24,基金,HK创新药(513120.XSHG),多,143200股,143200股,1.159,165968.8,-859.2,1.165,-,0,-859.2,143200股,-0.52%,166006.84,99.98%
2025-06-24,,Cash,,,,,38.04,,,,,,,,0
2025-06-25,基金,HK创新药(513120.XSHG),多,143200股,143200股,1.167,167114.4,286.4,1.165,-,0,1145.6,0股,0.17%,167152.44,99.98%
2025-06-25,,Cash,,,,,38.04,,,,,,,,0
2025-06-26,基金,HK创新药(513120.XSHG),多,143200股,143200股,1.13,161816,-5012,1.165,-,0,-5298.4,0股,-3%,161854.04,99.98%
2025-06-26,,Cash,,,,,38.04,,,,,,,,0
2025-06-27,基金,金融科技ETF华宝(159851.XSHE),多,95300股,0股,1.655,157721.5,-2191.9,1.678,-,0,-2191.9,95300股,-1.37%,157768.55,99.97%
2025-06-27,,Cash,,,,,47.05,,,,,,,,0
2025-06-30,基金,香港证券(513090.XSHG),多,86800股,86800股,1.843,159972.4,260.4,1.84,-,0,260.4,86800股,0.16%,159998.31,99.98%
2025-06-30,,Cash,,,,,25.91,,,,,,,,0
2025-07-01,基金,香港证券(513090.XSHG),多,86800股,86800股,1.834,159191.2,-520.8,1.84,-,0,-781.2,0股,-0.33%,159217.11,99.98%
2025-07-01,,Cash,,,,,25.91,,,,,,,,0
2025-07-02,基金,科技金融(516100.XSHG),多,120300股,0股,1.31,157593,-962.4,1.318,-,0,-962.4,120300股,-0.61%,157702.19,99.93%
2025-07-02,,Cash,,,,,109.19,,,,,,,,0
2025-07-03,基金,科技金融(516100.XSHG),多,120300股,120300股,1.319,158675.7,120.3,1.318,-,0,1082.7,0股,0.08%,158784.89,99.93%
2025-07-03,,Cash,,,,,109.19,,,,,,,,0
2025-07-04,基金,香港证券(513090.XSHG),多,85700股,85700股,1.867,160001.9,-2742.4,1.899,-,0,-2742.4,85700股,-1.69%,160100.14,99.94%
2025-07-04,,Cash,,,,,98.24,,,,,,,,0
2025-07-07,基金,香港证券(513090.XSHG),多,85700股,85700股,1.882,161287.4,-1456.9,1.899,-,0,1285.5,0股,-0.9%,161385.64,99.94%
2025-07-07,,Cash,,,,,98.24,,,,,,,,0
2025-07-08,基金,金融科技ETF华宝(159851.XSHE),多,98600股,0股,1.69,166634,788.8,1.682,-,0,788.8,98600股,0.48%,166683.37,99.97%
2025-07-08,,Cash,,,,,49.37,,,,,,,,0
2025-07-09,基金,金融科技ETF华宝(159851.XSHE),多,98600股,98600股,1.686,166239.6,394.4,1.682,-,0,-394.4,0股,0.24%,166288.97,99.97%
2025-07-09,,Cash,,,,,49.37,,,,,,,,0
2025-07-10,基金,金融科技ETF华宝(159851.XSHE),多,98600股,98600股,1.676,165253.6,-591.6,1.682,-,0,-986,0股,-0.36%,165302.97,99.97%
2025-07-10,,Cash,,,,,49.37,,,,,,,,0
2025-07-11,基金,5GETF(515050.XSHG),多,143400股,0股,1.21,173514,143.4,1.209,-,0,143.4,143400股,0.08%,173496.9,100%
2025-07-11,,Cash,,,,,-17.1,,,,,,,,0
2025-07-14,基金,通信ETF(515880.XSHG),多,117500股,0股,1.483,174252.5,0,1.483,-,0,0,117500股,0%,174322.44,99.96%
2025-07-14,,Cash,,,,,69.94,,,,,,,,0
2025-07-15,基金,金融科技ETF华宝(159851.XSHE),多,219200股,0股,0.846,185443.2,1534.4,0.839,-,0,1534.4,219200股,0.83%,185455.06,99.99%
2025-07-15,,Cash,,,,,11.86,,,,,,,,0
2025-07-16,基金,金融科技ETF华宝(159851.XSHE),多,219200股,219200股,0.845,185224,1315.2,0.839,-,0,-219.2,0股,0.72%,185235.86,99.99%
2025-07-16,,Cash,,,,,11.86,,,,,,,,0
2025-07-17,基金,5GETF(515050.XSHG),多,141300股,0股,1.332,188211.6,1271.7,1.323,-,0,1271.7,141300股,0.68%,188223.76,99.99%
2025-07-17,,Cash,,,,,12.16,,,,,,,,0
2025-07-18,基金,创业板人工智能ETF华宝(159363.XSHE),多,156700股,0股,1.191,186629.7,-1096.9,1.198,-,0,-1096.9,156700股,-0.58%,186665.41,99.98%
2025-07-18,,Cash,,,,,35.71,,,,,,,,0
2025-07-21,基金,通信ETF富国(159583.XSHE),多,132000股,0股,1.414,186648,2772,1.393,-,0,2772,132000股,1.51%,186736.73,99.95%
2025-07-21,,Cash,,,,,88.73,,,,,,,,0
2025-07-22,基金,稀土基金(516150.XSHG),多,137000股,0股,1.366,187142,822,1.36,-,0,822,137000股,0.44%,187125.47,100%
2025-07-22,,Cash,,,,,-16.53,,,,,,,,0
2025-07-23,基金,恒生医疗(513060.XSHG),多,292300股,292300股,0.644,188241.2,-584.6,0.646,-,0,-584.6,292300股,-0.31%,188284.1,99.98%
2025-07-23,,Cash,,,,,42.9,,,,,,,,0
2025-07-24,基金,光伏ETF(515790.XSHG),多,253700股,0股,0.754,191289.8,1014.8,0.75,-,0,1014.8,253700股,0.53%,191306.94,99.99%
2025-07-24,,Cash,,,,,17.14,,,,,,,,0
2025-07-25,基金,工业有色(560860.XSHG),多,183300股,0股,1.037,190082.1,1099.8,1.031,-,0,1099.8,183300股,0.58%,190085.64,100%
2025-07-25,,Cash,,,,,3.54,,,,,,,,0
2025-07-28,基金,建材ETF国泰(159745.XSHE),多,295800股,0股,0.644,190495.2,295.8,0.643,-,0,295.8,295800股,0.16%,190526.7,99.98%
2025-07-28,,Cash,,,,,31.5,,,,,,,,0
2025-07-29,基金,创业板50ETF华安(159949.XSHE),多,174300股,0股,1.09,189987,1917.3,1.079,-,0,1917.3,174300股,1.02%,190039.98,99.97%
2025-07-29,,Cash,,,,,52.98,,,,,,,,0
2025-07-30,基金,生物医药ETF天弘(159859.XSHE),多,428800股,0股,0.433,185670.4,-2572.8,0.439,-,0,-2572.8,428800股,-1.37%,185686.53,99.99%
2025-07-30,,Cash,,,,,16.13,,,,,,,,0
2025-07-31,基金,生物医药ETF天弘(159859.XSHE),多,428800股,428800股,0.427,183097.6,-5145.6,0.439,-,0,-2572.8,0股,-2.73%,183113.73,99.99%
2025-07-31,,Cash,,,,,16.13,,,,,,,,0
2025-08-01,基金,银华日利(511880.XSHG),多,1800股,1800股,100.798,181436.4,30.6,100.781,-,0,30.6,1800股,0.02%,182679.12,99.32%
2025-08-01,,Cash,,,,,1242.72,,,,,,,,0
2025-08-04,基金,AI科创(588760.XSHG),多,306400股,0股,0.602,184452.8,1838.4,0.596,-,0,1838.4,306400股,1.01%,184436.12,100%
2025-08-04,,Cash,,,,,-16.68,,,,,,,,0
2025-08-05,基金,香港证券(513090.XSHG),多,82900股,82900股,2.236,185364.4,1906.7,2.213,-,0,1906.7,82900股,1.04%,185386.92,99.99%
2025-08-05,,Cash,,,,,22.52,,,,,,,,0
2025-08-06,基金,稀土ETF(516780.XSHG),多,137400股,0股,1.354,186039.6,824.4,1.348,-,0,824.4,137400股,0.45%,186091.37,99.97%
2025-08-06,,Cash,,,,,51.77,,,,,,,,0
2025-08-07,基金,通信ETF富国(159583.XSHE),多,125500股,0股,1.489,186869.5,1129.5,1.48,-,0,1129.5,125500股,0.61%,186908.92,99.98%
2025-08-07,,Cash,,,,,39.42,,,,,,,,0
2025-08-08,基金,通信ETF富国(159583.XSHE),多,125500股,125500股,1.484,186242,502,1.48,-,0,-627.5,0股,0.27%,186281.42,99.98%
2025-08-08,,Cash,,,,,39.42,,,,,,,,0
2025-08-11,基金,科创200(588230.XSHG),多,142100股,0股,1.346,191266.6,426.3,1.343,-,0,426.3,142100股,0.22%,191313.05,99.98%
2025-08-11,,Cash,,,,,46.45,,,,,,,,0
2025-08-12,基金,恒生新药(520500.XSHG),多,98400股,98400股,1.935,190404,492,1.93,-,0,492,98400股,0.26%,190488.16,99.96%
2025-08-12,,Cash,,,,,84.16,,,,,,,,0
2025-08-13,基金,AI科创(588760.XSHG),多,314500股,0股,0.625,196562.5,629,0.623,-,0,629,314500股,0.32%,196588.37,99.99%
2025-08-13,,Cash,,,,,25.87,,,,,,,,0
2025-08-14,基金,通信ETF富国(159583.XSHE),多,121400股,0股,1.606,194968.4,-1456.8,1.618,-,0,-1456.8,121400股,-0.74%,195092.27,99.94%
2025-08-14,,Cash,,,,,123.87,,,,,,,,0
2025-08-15,基金,通信ETF富国(159583.XSHE),多,121400股,121400股,1.614,195939.6,-485.6,1.618,-,0,971.2,0股,-0.25%,196063.47,99.94%
2025-08-15,,Cash,,,,,123.87,,,,,,,,0
2025-08-18,基金,创业板人工智能ETF华宝(159363.XSHE),多,290500股,0股,0.713,207126.5,-871.5,0.716,-,0,-871.5,290500股,-0.42%,207168.98,99.98%
2025-08-18,,Cash,,,,,42.48,,,,,,,,0
2025-08-19,基金,AI科创(588760.XSHG),多,319200股,0股,0.659,210352.8,-2872.8,0.668,-,0,-2872.8,319200股,-1.35%,210354.03,100%
2025-08-19,,Cash,,,,,1.23,,,,,,,,0
2025-08-20,基金,AI科创(588760.XSHG),多,319200股,319200股,0.69,220248,7022.4,0.668,-,0,9895.2,0股,3.29%,220249.23,100%
2025-08-20,,Cash,,,,,1.23,,,,,,,,0
2025-08-21,基金,科创芯片(588200.XSHG),多,118100股,0股,1.846,218012.6,-2480.1,1.867,-,0,-2480.1,118100股,-1.12%,218044.23,99.99%
2025-08-21,,Cash,,,,,31.63,,,,,,,,0
2025-08-22,基金,科创200(588230.XSHG),多,164700股,0股,1.447,238320.9,988.2,1.441,-,0,988.2,164700股,0.42%,238353.35,99.99%
2025-08-22,,Cash,,,,,32.45,,,,,,,,0
2025-08-25,基金,科创100F(588220.XSHG),多,189100股,0股,1.29,243939,2836.5,1.275,-,0,2836.5,189100股,1.18%,243941.53,100%
2025-08-25,,Cash,,,,,2.53,,,,,,,,0
2025-08-26,基金,创业板ETF易方达(159915.XSHE),多,89000股,0股,2.716,241724,-1335,2.731,-,0,-1335,89000股,-0.55%,241801.51,99.97%
2025-08-26,,Cash,,,,,77.51,,,,,,,,0
2025-08-27,基金,工业母机ETF国泰(159667.XSHE),多,173900股,0股,1.379,239808.1,-7651.6,1.423,-,0,-7651.6,173900股,-3.09%,239796.42,100%
2025-08-27,,Cash,,,,,-11.68,,,,,,,,0
2025-08-28,基金,智能驾驶(516520.XSHG),多,189800股,0股,1.286,244082.8,4555.2,1.262,-,0,4555.2,189800股,1.9%,244129.8,99.98%
2025-08-28,,Cash,,,,,47,,,,,,,,0
2025-08-29,基金,工业母机ETF国泰(159667.XSHE),多,171300股,0股,1.419,243074.7,-342.6,1.421,-,0,-342.6,171300股,-0.14%,243169.11,99.96%
2025-08-29,,Cash,,,,,94.41,,,,,,,,0
2025-09-01,基金,中韩芯片(513310.XSHG),多,126800股,126800股,1.944,246499.2,507.2,1.94,-,0,507.2,126800股,0.21%,246539.21,99.98%
2025-09-01,,Cash,,,,,40.01,,,,,,,,0
2025-09-02,基金,深证100ETF易方达(159901.XSHE),多,73400股,0股,3.329,244348.6,-73.4,3.33,-,0,-73.4,73400股,-0.03%,244388.12,99.98%
2025-09-02,,Cash,,,,,39.52,,,,,,,,0
2025-09-03,基金,黄金股(517520.XSHG),多,136100股,0股,1.796,244435.6,1224.9,1.787,-,0,1224.9,136100股,0.5%,244463.38,99.99%
2025-09-03,,Cash,,,,,27.78,,,,,,,,0
2025-09-04,基金,深证100ETF易方达(159901.XSHE),多,72600股,0股,3.226,234207.6,-2468.4,3.26,-,0,-2468.4,72600股,-1.04%,234462.12,99.89%
2025-09-04,,Cash,,,,,254.52,,,,,,,,0
2025-09-05,基金,新汽车(515030.XSHG),多,153000股,0股,1.61,246330,7803,1.559,-,0,7803,153000股,3.27%,246355.63,99.99%
2025-09-05,,Cash,,,,,25.63,,,,,,,,0
2025-09-08,基金,深证100ETF易方达(159901.XSHE),多,75700股,0股,3.362,254503.4,454.2,3.356,-,0,454.2,75700股,0.18%,254714.99,99.92%
2025-09-08,,Cash,,,,,211.59,,,,,,,,0
2025-09-09,基金,中韩芯片(513310.XSHG),多,133100股,133100股,1.889,251425.9,-665.5,1.894,-,0,-665.5,133100股,-0.26%,251576.68,99.94%
2025-09-09,,Cash,,,,,150.78,,,,,,,,0
2025-09-10,基金,科创板50(588080.XSHG),多,199800股,0股,1.29,257742,-2197.8,1.301,-,0,-2197.8,199800股,-0.85%,257845.29,99.96%
2025-09-10,,Cash,,,,,103.29,,,,,,,,0
2025-09-11,基金,科创板50(588080.XSHG),多,199800股,199800股,1.361,271927.8,11988,1.301,-,0,14185.8,0股,4.61%,272031.09,99.96%
2025-09-11,,Cash,,,,,103.29,,,,,,,,0
2025-09-12,基金,科技ETF(515000.XSHG),多,285200股,0股,0.96,273792,-1140.8,0.964,-,0,-1140.8,285200股,-0.41%,273832.3,99.99%
2025-09-12,,Cash,,,,,40.3,,,,,,,,0
2025-09-15,基金,科技ETF(515000.XSHG),多,285200股,285200股,0.955,272366,-2566.8,0.964,-,0,-1426,0股,-0.93%,272406.3,99.99%
2025-09-15,,Cash,,,,,40.3,,,,,,,,0
2025-09-16,基金,人工智能ETF易方达(159819.XSHE),多,186700股,0股,1.476,275569.2,1306.9,1.469,-,0,1306.9,186700股,0.48%,275654.74,99.97%
2025-09-16,,Cash,,,,,85.54,,,,,,,,0
2025-09-17,基金,创业板人工智能ETF华宝(159363.XSHE),多,317200股,0股,0.872,276598.4,2537.6,0.864,-,0,2537.6,317200股,0.93%,276643.93,99.98%
2025-09-17,,Cash,,,,,45.53,,,,,,,,0
2025-09-18,基金,光伏ETF(515790.XSHG),多,306100股,0股,0.897,274571.7,-5203.7,0.914,-,0,-5203.7,306100股,-1.86%,274556.27,100%
2025-09-18,,Cash,,,,,-15.43,,,,,,,,0
2025-09-19,基金,通信ETF富国(159583.XSHE),多,127600股,0股,2.158,275360.8,893.2,2.151,-,0,893.2,127600股,0.33%,275394.57,99.99%
2025-09-19,,Cash,,,,,33.77,,,,,,,,0
2025-09-22,基金,通信ETF(515880.XSHG),多,101600股,0股,2.712,275539.2,-203.2,2.714,-,0,-203.2,101600股,-0.07%,275519.02,100%
2025-09-22,,Cash,,,,,-20.18,,,,,,,,0
2025-09-23,基金,黄金股(517520.XSHG),多,143700股,0股,1.892,271880.4,2730.3,1.873,-,0,2730.3,143700股,1.01%,271997.87,99.96%
2025-09-23,,Cash,,,,,117.47,,,,,,,,0
2025-09-24,基金,黄金股(517520.XSHG),多,143700股,143700股,1.894,272167.8,3017.7,1.873,-,0,287.4,0股,1.12%,272285.27,99.96%
2025-09-24,,Cash,,,,,117.47,,,,,,,,0
2025-09-25,基金,消费电子ETF华夏(159732.XSHE),多,225500股,0股,1.193,269021.5,-2029.5,1.202,-,0,-2029.5,225500股,-0.75%,269051.96,99.99%
2025-09-25,,Cash,,,,,30.46,,,,,,,,0
2025-09-26,基金,消费电子ETF华夏(159732.XSHE),多,225500股,225500股,1.152,259776,-11275,1.202,-,0,-9245.5,0股,-4.16%,259806.46,99.99%
2025-09-26,,Cash,,,,,30.46,,,,,,,,0
2025-09-29,基金,创业板50ETF华安(159949.XSHE),多,172000股,0股,1.539,264708,2580,1.524,-,0,2580,172000股,0.98%,264814.53,99.96%
2025-09-29,,Cash,,,,,106.53,,,,,,,,0
2025-09-30,基金,创业板50ETF华安(159949.XSHE),多,172000股,172000股,1.537,264364,2236,1.524,-,0,-344,0股,0.85%,264470.53,99.96%
2025-09-30,,Cash,,,,,106.53,,,,,,,,0
2025-10-09,基金,创业板50ETF华安(159949.XSHE),多,172000股,172000股,1.543,265396,3268,1.524,-,0,1032,0股,1.25%,265502.53,99.96%
2025-10-09,,Cash,,,,,106.53,,,,,,,,0
2025-10-10,基金,国投白银LOF(161226.XSHE),多,198000股,0股,1.286,254628,-594,1.289,-,0,-594,198000股,-0.23%,254709.48,99.97%
2025-10-10,,Cash,,,,,81.48,,,,,,,,0
2025-10-13,基金,国投白银LOF(161226.XSHE),多,198000股,198000股,1.36,269280,14058,1.289,-,0,14652,0股,5.51%,269361.48,99.97%
2025-10-13,,Cash,,,,,81.48,,,,,,,,0
2025-10-14,基金,纳指科技ETF景顺(159509.XSHE),多,140500股,140500股,2.025,284512.5,-5479.5,2.064,-,0,-5479.5,140500股,-1.89%,284613.97,99.96%
2025-10-14,,Cash,,,,,101.47,,,,,,,,0
2025-10-15,基金,电网设备ETF华夏(159326.XSHE),多,210900股,0股,1.41,297369,5694.3,1.383,-,0,5694.3,210900股,1.95%,297415.44,99.98%
2025-10-15,,Cash,,,,,46.44,,,,,,,,0
2025-10-16,基金,黄金ETF(518880.XSHG),多,32000股,32000股,9.244,295808,-1024,9.276,-,0,-1024,32000股,-0.34%,295910.26,99.97%
2025-10-16,,Cash,,,,,102.26,,,,,,,,0
2025-10-17,基金,有色ETF(512400.XSHG),多,181200股,0股,1.671,302785.2,-3624,1.691,-,0,-3624,181200股,-1.18%,302848.98,99.98%
2025-10-17,,Cash,,,,,63.78,,,,,,,,0
2025-10-20,基金,矿业ETF(561330.XSHG),多,182500股,0股,1.634,298205,-1642.5,1.643,-,0,-1642.5,182500股,-0.55%,298247.3,99.99%
2025-10-20,,Cash,,,,,42.3,,,,,,,,0
2025-10-21,基金,标普生物科技ETF嘉实(159502.XSHE),多,260600股,260600股,1.167,304120.2,1042.4,1.163,-,0,1042.4,260600股,0.34%,304156.58,99.99%
2025-10-21,,Cash,,,,,36.38,,,,,,,,0
2025-10-22,基金,中韩芯片(513310.XSHG),多,126500股,126500股,2.412,305118,3036,2.388,-,0,3036,126500股,1.01%,305307.94,99.94%
2025-10-22,,Cash,,,,,189.94,,,,,,,,0
2025-10-23,基金,中韩芯片(513310.XSHG),多,126500股,126500股,2.386,301829,-253,2.388,-,0,-3289,0股,-0.08%,302018.94,99.94%
2025-10-23,,Cash,,,,,189.94,,,,,,,,0
2025-10-24,基金,标普生物科技ETF嘉实(159502.XSHE),多,276600股,276600股,1.142,315877.2,1659.6,1.136,-,0,1659.6,276600股,0.53%,315886.21,100%
2025-10-24,,Cash,,,,,9.01,,,,,,,,0
2025-10-27,基金,标普生物科技ETF嘉实(159502.XSHE),多,276600股,276600股,1.158,320302.8,6085.2,1.136,-,0,4425.6,0股,1.94%,320311.81,100%
2025-10-27,,Cash,,,,,9.01,,,,,,,,0
2025-10-28,基金,标普生物科技ETF嘉实(159502.XSHE),多,276600股,276600股,1.171,323898.6,9681,1.136,-,0,3595.8,0股,3.08%,323907.61,100%
2025-10-28,,Cash,,,,,9.01,,,,,,,,0
2025-10-29,基金,标普生物科技ETF嘉实(159502.XSHE),多,276600股,276600股,1.183,327217.8,13000.2,1.136,-,0,3319.2,0股,4.14%,327226.81,100%
2025-10-29,,Cash,,,,,9.01,,,,,,,,0
2025-10-30,基金,标普生物科技ETF嘉实(159502.XSHE),多,276600股,276600股,1.174,324728.4,10510.8,1.136,-,0,-2489.4,0股,3.35%,324737.41,100%
2025-10-30,,Cash,,,,,9.01,,,,,,,,0
2025-10-31,基金,标普生物科技ETF嘉实(159502.XSHE),多,276600股,276600股,1.183,327217.8,13000.2,1.136,-,0,2489.4,0股,4.14%,327226.81,100%
2025-10-31,,Cash,,,,,9.01,,,,,,,,0
2025-11-03,基金,纳指科技ETF景顺(159509.XSHE),多,145900股,145900股,2.291,334256.9,583.6,2.287,-,0,583.6,145900股,0.17%,334382.06,99.96%
2025-11-03,,Cash,,,,,125.16,,,,,,,,0
2025-11-04,基金,纳指科技ETF景顺(159509.XSHE),多,145900股,145900股,2.228,325065.2,-8608.1,2.287,-,0,-9191.7,0股,-2.58%,325190.36,99.96%
2025-11-04,,Cash,,,,,125.16,,,,,,,,0
2025-11-05,基金,煤炭ETF(515220.XSHG),多,253400股,0股,1.231,311935.4,-1773.8,1.238,-,0,-1773.8,253400股,-0.57%,311973.62,99.99%
2025-11-05,,Cash,,,,,38.22,,,,,,,,0
2025-11-06,基金,煤炭ETF(515220.XSHG),多,253400股,253400股,1.24,314216,506.8,1.238,-,0,2280.6,0股,0.16%,314254.22,99.99%
2025-11-06,,Cash,,,,,38.22,,,,,,,,0
2025-11-07,基金,纳指生物(513290.XSHG),多,218700股,218700股,1.436,314053.2,437.4,1.434,-,0,437.4,218700股,0.14%,314122.09,99.98%
2025-11-07,,Cash,,,,,68.89,,,,,,,,0
2025-11-10,基金,中韩芯片(513310.XSHG),多,116100股,116100股,2.695,312889.5,580.5,2.69,-,0,580.5,116100股,0.19%,313109.2,99.93%
2025-11-10,,Cash,,,,,219.7,,,,,,,,0
2025-11-11,基金,中韩芯片(513310.XSHG),多,116100股,116100股,2.706,314166.6,1857.6,2.69,-,0,1277.1,0股,0.59%,314386.3,99.93%
2025-11-11,,Cash,,,,,219.7,,,,,,,,0
2025-11-12,基金,中韩芯片(513310.XSHG),多,116100股,116100股,2.69,312309,0,2.69,-,0,-1857.6,0股,0%,312528.7,99.93%
2025-11-12,,Cash,,,,,219.7,,,,,,,,0
2025-11-13,基金,中韩芯片(513310.XSHG),多,116100股,116100股,2.673,310335.3,-1973.7,2.69,-,0,-1973.7,0股,-0.63%,310555,99.93%
2025-11-13,,Cash,,,,,219.7,,,,,,,,0
2025-11-14,基金,新能源(516160.XSHG),多,97300股,0股,3.051,296862.3,-4378.5,3.096,-,0,-4378.5,97300股,-1.45%,297060.45,99.93%
2025-11-14,,Cash,,,,,198.15,,,,,,,,0
2025-11-17,基金,光伏ETF(515790.XSHG),多,289500股,0股,1.03,298185,1158,1.026,-,0,1158,289500股,0.39%,298159.06,100%
2025-11-17,,Cash,,,,,-25.94,,,,,,,,0
2025-11-18,基金,纳指生物(513290.XSHG),多,196400股,196400股,1.48,290672,-196.4,1.481,-,0,-196.4,196400股,-0.07%,290666.98,100%
2025-11-18,,Cash,,,,,-5.02,,,,,,,,0
2025-11-19,基金,石油ETF(561360.XSHG),多,249000股,0股,1.218,303282,498,1.216,-,0,498,249000股,0.16%,303281.22,100%
2025-11-19,,Cash,,,,,-0.78,,,,,,,,0
2025-11-20,基金,石油ETF(561360.XSHG),多,249000股,249000股,1.199,298551,-4233,1.216,-,0,-4731,0股,-1.4%,298550.22,100%
2025-11-20,,Cash,,,,,-0.78,,,,,,,,0
2025-11-21,基金,纳指生物(513290.XSHG),多,199500股,199500股,1.457,290671.5,0,1.457,-,0,0,199500股,0%,290773.07,99.97%
2025-11-21,,Cash,,,,,101.57,,,,,,,,0
2025-11-24,基金,纳指生物(513290.XSHG),多,199500股,199500股,1.509,301045.5,10374,1.457,-,0,10374,0股,3.57%,301147.07,99.97%
2025-11-24,,Cash,,,,,101.57,,,,,,,,0
2025-11-25,基金,纳指生物(513290.XSHG),多,199500股,199500股,1.565,312217.5,21546,1.457,-,0,11172,0股,7.41%,312319.07,99.97%
2025-11-25,,Cash,,,,,101.57,,,,,,,,0
2025-11-26,基金,纳指生物(513290.XSHG),多,199500股,199500股,1.595,318202.5,27531,1.457,-,0,5985,0股,9.47%,318304.07,99.97%
2025-11-26,,Cash,,,,,101.57,,,,,,,,0
2025-11-27,基金,纳指生物(513290.XSHG),多,199500股,199500股,1.594,318003,27331.5,1.457,-,0,-199.5,0股,9.4%,318104.57,99.97%
2025-11-27,,Cash,,,,,101.57,,,,,,,,0
2025-11-28,基金,纳指生物(513290.XSHG),多,199500股,199500股,1.609,320995.5,30324,1.457,-,0,2992.5,0股,10.43%,321097.07,99.97%
2025-11-28,,Cash,,,,,101.57,,,,,,,,0
2025-12-01,基金,纳指生物(513290.XSHG),多,199500股,199500股,1.592,317604,26932.5,1.457,-,0,-3391.5,0股,9.27%,317705.57,99.97%
2025-12-01,,Cash,,,,,101.57,,,,,,,,0
2025-12-02,基金,国投白银LOF(161226.XSHE),多,191600股,0股,1.61,308476,-3065.6,1.626,-,0,-3065.6,191600股,-0.98%,308592.65,99.96%
2025-12-02,,Cash,,,,,116.65,,,,,,,,0
2025-12-03,基金,标普生物科技ETF嘉实(159502.XSHE),多,251300股,251300股,1.298,326187.4,6031.2,1.274,-,0,6031.2,251300股,1.88%,326247.42,99.98%
2025-12-03,,Cash,,,,,60.02,,,,,,,,0
2025-12-04,基金,标普生物科技ETF嘉实(159502.XSHE),多,251300股,251300股,1.348,338752.4,18596.2,1.274,-,0,12565,0股,5.81%,338812.42,99.98%
2025-12-04,,Cash,,,,,60.02,,,,,,,,0
2025-12-05,基金,标普生物科技ETF嘉实(159502.XSHE),多,251300股,251300股,1.353,340008.9,19852.7,1.274,-,0,1256.5,0股,6.2%,340068.92,99.98%
2025-12-05,,Cash,,,,,60.02,,,,,,,,0
2025-12-08,基金,标普生物科技ETF嘉实(159502.XSHE),多,251300股,251300股,1.335,335485.5,15329.3,1.274,-,0,-4523.4,0股,4.79%,335545.52,99.98%
2025-12-08,,Cash,,,,,60.02,,,,,,,,0
2025-12-09,基金,标普生物科技ETF嘉实(159502.XSHE),多,251300股,251300股,1.338,336239.4,16083.2,1.274,-,0,753.9,0股,5.02%,336299.42,99.98%
2025-12-09,,Cash,,,,,60.02,,,,,,,,0
2025-12-10,基金,标普生物科技ETF嘉实(159502.XSHE),多,251300股,251300股,1.314,330208.2,10052,1.274,-,0,-6031.2,0股,3.14%,330268.22,99.98%
2025-12-10,,Cash,,,,,60.02,,,,,,,,0
2025-12-11,基金,通信ETF富国(159583.XSHE),多,264500股,0股,1.22,322690,-8199.5,1.251,-,0,-8199.5,264500股,-2.48%,322756.43,99.98%
2025-12-11,,Cash,,,,,66.43,,,,,,,,0
2025-12-12,基金,卫星ETF永赢(159206.XSHE),多,243200股,0股,1.348,327833.6,1216,1.343,-,0,1216,243200股,0.37%,327874.61,99.99%
2025-12-12,,Cash,,,,,41.01,,,,,,,,0
2025-12-15,基金,卫星ETF永赢(159206.XSHE),多,243200股,243200股,1.383,336345.6,9728,1.343,-,0,8512,0股,2.98%,336386.61,99.99%
2025-12-15,,Cash,,,,,41.01,,,,,,,,0
2025-12-16,基金,创业板人工智能ETF华宝(159363.XSHE),多,358400股,0股,0.92,329728,-1433.6,0.924,-,0,-1433.6,358400股,-0.43%,329779.57,99.98%
2025-12-16,,Cash,,,,,51.57,,,,,,,,0
2025-12-17,基金,创业板人工智能ETF华宝(159363.XSHE),多,358400股,358400股,0.966,346214.4,15052.8,0.924,-,0,16486.4,0股,4.55%,346265.97,99.99%
2025-12-17,,Cash,,,,,51.57,,,,,,,,0
2025-12-18,基金,创业板人工智能ETF华宝(159363.XSHE),多,358400股,358400股,0.949,340121.6,8960,0.924,-,0,-6092.8,0股,2.71%,340173.17,99.98%
2025-12-18,,Cash,,,,,51.57,,,,,,,,0
2025-12-19,基金,通信ETF(515880.XSHG),多,115600股,0股,2.943,340210.8,-2890,2.968,-,0,-2890,115600股,-0.84%,340440.12,99.93%
2025-12-19,,Cash,,,,,229.32,,,,,,,,0
2025-12-22,基金,通信ETF(515880.XSHG),多,115600股,115600股,3.082,356279.2,13178.4,2.968,-,0,16068.4,0股,3.84%,356508.52,99.94%
2025-12-22,,Cash,,,,,229.32,,,,,,,,0
2025-12-23,基金,通信ETF(515880.XSHG),多,115600股,115600股,3.074,355354.4,12253.6,2.968,-,0,-924.8,0股,3.57%,355583.72,99.94%
2025-12-23,,Cash,,,,,229.32,,,,,,,,0
2025-12-24,基金,创业板人工智能ETF华宝(159363.XSHE),多,364600股,0股,0.991,361318.6,2916.8,0.983,-,0,2916.8,364600股,0.81%,361318.86,100%
2025-12-24,,Cash,,,,,0.26,,,,,,,,0
2025-12-25,基金,创业板人工智能ETF华宝(159363.XSHE),多,364600股,364600股,0.991,361318.6,2916.8,0.983,-,0,0,0股,0.81%,361318.86,100%
2025-12-25,,Cash,,,,,0.26,,,,,,,,0
2025-12-26,基金,科半导体(588710.XSHG),多,226000股,0股,1.577,356402,-452,1.579,-,0,-452,226000股,-0.13%,356420.28,99.99%
2025-12-26,,Cash,,,,,18.28,,,,,,,,0
2025-12-29,基金,通用航空(563320.XSHG),多,326500股,0股,1.085,354252.5,1959,1.079,-,0,1959,326500股,0.56%,354240.81,100%
2025-12-29,,Cash,,,,,-11.69,,,,,,,,0
2025-12-30,基金,航空航天ETF华夏(159227.XSHE),多,265800股,0股,1.323,351653.4,-3455.4,1.336,-,0,-3455.4,265800股,-0.97%,351693.88,99.99%
2025-12-30,,Cash,,,,,40.48,,,,,,,,0
2025-12-31,基金,航空航天ETF华夏(159227.XSHE),多,265800股,265800股,1.365,362817,7708.2,1.336,-,0,11163.6,0股,2.17%,362857.48,99.99%
2025-12-31,,Cash,,,,,40.48,,,,,,,,0
